index,id,position,label
0,8b6d1125760bd3939b6e,[0.5702303 4.7448997],1
1,63eef37311aaac915a45,[0.18043813 5.3162603 ],1
2,5d89810b20079366fcc2,[5.742574  5.8701735],0
3,47eeab842793b09300c3,[8.406482 7.495776],2
4,a8eea517e36b20757b2e,[8.145449  5.9543023],2
5,e89cdaa3f159a0d3f55e,[3.6726325 7.8792114],1
6,e324cc9cb52a2b3cb9cb,[10.63522   7.838704],2
7,98e10f84d94623f8b39e,[10.619759   7.8456726],2
8,3c89c7f1db26ae691db8,[10.788708  6.712966],2
9,9ea29e4a747ea4a7c70a,[7.2843103 5.6575956],0
10,e23ada44d3eac9b465d2,[3.6647725 7.3424463],1
11,b79c2d9d8148403a3720,[1.1744934 5.880877 ],1
12,01d8aa21ef476b66c573,[1.1043032 6.54214  ],1
13,9417c1b4c24e428984bc,[9.422628 5.668185],2
14,3d63ba961a5f3a60616a,[3.6797173 7.9924464],1
15,57709f904b1cc9ec60b1,[1.4441805 5.8481426],1
16,8979427badebb9e2bd10,[9.837117  5.9382005],2
17,6e7d56f652020f046204,[5.434895 7.723721],0
18,03aa0b20dd4af1888eef,[1.1587366 6.549103 ],1
19,1b25734414fcc7466153,[10.567552   6.7953305],2
20,8777bd09f180d330b147,[10.584444   6.1851797],2
21,8b1fbc97391699e46cef,[4.1490464 5.8121   ],1
22,dc83f9577ae72447a7b1,[0.6302706 5.0170393],1
23,be503fccbf0ae5532639,[6.162498 6.206464],0
24,cd6355bf939a47577f6d,[8.896607  6.7630253],2
25,fb4411db1aac3cd2544b,[11.347843  8.086955],2
26,f06c3ddb1a98713eeb32,[2.080002  6.9963775],1
27,bca2be7a89b9b36b45cc,[9.176092  6.1212196],2
28,f058870b1bc33e288e82,[10.272489  7.639363],2
29,a1fa76b5d99a411d6649,[5.018029 6.271761],0
30,79ea7a2f63285f2fe26b,[8.21214  7.798769],2
31,54826f4abf592713d585,[10.068768  6.186645],2
32,e716574233e87591ff19,[9.990735 6.698904],2
33,bab3d23935ae4f8e798c,[10.201064  5.999499],2
34,d2403aa287eb869a170a,[9.397111  7.0437427],2
35,ce1a32f22b91f4d81015,[5.7206736 7.9517345],0
36,d0a933a514028d777578,[6.412904 7.299451],0
37,81c4c46f19cb21d54bbb,[9.451998  6.6499867],2
38,876aca2b8ce1958ea773,[8.932647  5.8480754],2
39,c57c5ca2df494f27ca64,[8.35706   7.5466123],2
40,64d1d58d40bca568347c,[10.582678  6.489583],2
41,75c2677c8d156032e303,[4.6307845 7.598935 ],0
42,b345ecad87a7fbac77ce,[8.41856  8.211723],2
43,360820d6620d17d1b48b,[7.583161  7.9131355],0
44,7086b49d3d6c2cf79c1a,[9.880512 7.620262],2
45,cac3f85073c947532796,[2.42225   6.5187817],1
46,e37bbe9fe37f92b785d9,[2.0475075 6.211598 ],1
47,0a8736f6520cea837d94,[3.3953538 6.062454 ],1
48,37ae91c472189108a737,[0.6579557 5.5770583],1
49,488934d01a504bc212b4,[5.095016 6.45549 ],0
50,545eb6c8154273344669,[6.08498   6.6542864],0
51,22ae866c664a147f9971,[5.0567884 6.178596 ],0
52,86215294b080f19af22f,[4.4003186 5.7646103],0
53,1e25b47eaef62694a236,[0.434455  4.8178525],1
54,580e98185da72b5f34cd,[1.1184943 5.0101705],1
55,99d6b8a1cc0020112951,[2.214171 7.383075],1
56,ff59855075a6bc39d62b,[2.86834  5.533827],1
57,8d422b817027d7721870,[0.47037137 5.123927  ],1
58,18cdd44af62c6935e7a0,[6.014584 6.977095],0
59,c00c91256ab1777d0dbc,[7.1308885 6.032541 ],0
60,10de703c06bf9d873d68,[3.7135909 5.862111 ],1
61,t3wo8xb4rq94n3fpfk35,[5.66585   5.2564287],0
62,8cvzwcc62ql4rqj0pyzl,[5.3059106 7.910645 ],0
63,79cvflltnemb9zpg6pgl,[2.3276238 5.697184 ],1
64,i21qi5qdsjqcch2xvdd5,[3.776564 7.550297],1
65,qw1seyo5nrhlm8vby58w,[1.4303918 5.350703 ],1
66,exj3a7hd6gwihbowgm3w,[2.8708124 4.9206343],1
67,qz6jjynwbd3szlp0rj04,[7.9605985 7.3655777],2
68,0maggb1hf886m5u6p2vr,[6.3344517 7.8199267],0
69,cuwakm24vlp785ky5w71,[7.2165923 7.055586 ],0
70,uvh2zil455wi0dcdan51,[8.554933  5.8487515],2
71,wwh529n48kyjq1xe9h46,[6.632301  5.7091103],0
72,o5lo8q4tb8yt0v8imkw4,[8.151557  7.3797045],2
73,pr6b1twg5sgsrzek6adi,[1.0336303 5.702897 ],1
74,zeuj2ypen39p38d4m3oj,[9.891374  6.6858864],2
75,6o68qswzkvrrtbiz6bzr,[9.977942 6.727206],2
76,1mp9yiw6rkrr3846047g,[2.018449  7.3779655],1
77,lzvutqpj9ggc0nwwsxcv,[4.2750735 8.093638 ],0
78,isa355t9q5rut5fm8aml,[11.4067135  7.5506253],2
79,5gs9643ghg39gpkgi3e5,[2.6680837 6.5778   ],1
80,ao2x473zwn7k7a6gpfr9,[8.622774  5.8987255],2
81,jwdjcrxdn0um79f0rjvw,[3.1422262 5.883932 ],1
82,oppl3ojvw61dvd5yw1wl,[2.8651576 5.51637  ],1
83,s0vfgmhobw9jq6al8iww,[8.569655 8.071171],2
84,styld7k1gge5cvjria5b,[6.1453567 7.0529385],0
85,fvurnsqlgyr9zbd6msqs,[5.7984147 6.408188 ],0
86,47vclaej1xmb0rc8kgka,[11.144032   7.5353274],2
87,cnkddx6ofjqd7ueylz0e,[7.806497 8.193021],2
88,zlaig56ve06t7jruk2mr,[10.282342  6.715675],2
89,ifj584ryrjv639n4nnsu,[8.040943 5.596263],2
90,xh8a7nmtz192pknhec33,[4.7994437 6.151975 ],0
91,vhlntoniujqiclub2juy,[6.783957 5.916289],0
92,9wax6sfj9cuqbbxc95om,[0.74975413 4.8143644 ],1
93,oit2xadfbpuveswzx4pf,[6.2879667 6.9384403],0
94,91ybnlkli8x332l13rrk,[0.7310534 6.188797 ],1
95,k4usquerebza4uy0i57h,[8.859757 6.761938],2
96,6ae7d356ba998218af82,[0.55032   4.7329345],1
97,2c6339f7c23a64d02081,[7.544088 7.503341],0
98,79fdbcf16db75f75383a,[5.8188157 5.9582615],0
99,50fec4ca4283ad18c000,[6.7005296 5.4863825],0
100,077d5c82c9ee5019220f,[6.1123633 6.047561 ],0
101,41f718ae2aed1d6c2573,[7.9479976 6.809729 ],2
102,222d5ee50487a2b8601b,[5.558404  6.6385064],0
103,0088dc183f73c83f763e,[10.047019   7.5955834],2
104,f9d95830556934ae9a01,[5.9452095 5.117032 ],0
105,06aff3e28c5db152f506,[3.9444613 7.0862584],1
106,3555053023c67d592439,[9.342677  7.0840707],2
107,f25a777dbbda3d4314d7,[0.4155678 5.502065 ],1
108,41e9ff991a4a21f423a8,[0.4879636 4.3495817],1
109,6002b9ec0f4ad0b281cf,[4.4979053 7.4903455],0
110,0b8bea274b24847526b7,[9.596857  5.7623115],2
111,f7a14eb1e15ceeea955c,[1.9667822 5.9833264],1
112,68c45e933c2dc939e7c9,[3.097103  5.4739957],1
113,a5966200ae4d58200438,[7.0738416 5.74027  ],0
114,6e8118d5ad3c7093b869,[2.6564927 4.9363575],1
115,2f3c37735e817244e646,[4.2933307 5.74936  ],0
116,95889f5d20e344714084,[1.9394197 5.041587 ],1
117,1329b6cf41debecda787,[5.821777 7.941058],0
118,cb2fbb322cc30a8b8fef,[1.110481 5.702939],1
119,daf693769d8638a22ee9,[3.939524 7.44686 ],0
120,da2199a7da15995db5ff,[8.533687  6.9715376],2
121,460fa4961434cf281423,[1.034483  5.8982973],1
122,18654732ca312afc173f,[3.2982693 7.054678 ],1
123,7c3fa9ed66d940d49692,[0.49196032 4.722575  ],1
124,6486c0664d217470d126,[0.4851008 4.318514 ],1
125,af8dedf6ecb4605a09fa,[0.52652156 4.9407043 ],1
126,d2e033f11edce44fea3d,[7.6970425 8.194249 ],0
127,c955c51bfd07134bc831,[1.4110695 6.201401 ],1
128,906ffe092972df38360a,[1.0218097 5.772247 ],1
129,e6c8ce7f4d7b0b4ca4a6,[6.163062 5.799543],0
130,5a8cce5abee961fc77f3,[5.1540337 5.261293 ],0
131,0c670262b3941d307600,[6.8015537 7.6524634],0
132,7d882daa0b4d418d1d0c,[2.3852928 6.243649 ],1
133,d33a15d480f68c6ec82f,[2.8272793 7.629539 ],1
134,db2418c575c0a4f7239d,[0.34232214 4.5283074 ],1
135,8f98bfcea1b9f0dba97e,[6.5835032 7.6375985],0
136,5d580a610c7f8114eb5c,[4.5157223 7.4563465],0
137,5c33bb784bb99763ed74,[3.2580917 7.2856507],1
138,058c03d945c4ae0978a0,[5.5294743 5.5218606],0
139,bfc3a5cb3b9c29f08176,[6.4725137 8.160034 ],0
140,a4bfb84ab74e59389e7a,[8.159694 7.652345],2
141,152a0c17daaaa4e65e14,[10.601074   7.0918474],2
142,ee1ef9674f9e0bfca48b,[3.472886  6.5970807],1
143,977ece9de941d85308ac,[0.986462  5.6411266],1
144,15ab118362ecbbd03b52,[0.38061368 5.741786  ],1
145,f47eab262dd5809d4d60,[5.418037  7.3701158],0
146,5fbaf8a0f524358778bb,[0.9659973 5.664668 ],1
147,3267b84814316e2fa25e,[2.140355 6.153723],1
148,f82461b84c9c48a36613,[2.8132846 6.7215185],1
149,981cf48df067d975675b,[3.6601043 7.296875 ],1
150,bd099a9fd29545e3766a,[8.07865  6.069989],2
151,9d030ebc092b353b9906,[3.7714772 5.701914 ],1
152,37905cfdcd105683aaf4,[1.114155  6.4625826],1
153,xy7cro773yqyoblucwkp,[6.2012653 6.55509  ],0
154,3qvqfnzdg358mord1cku,[2.6614344 5.7668276],1
155,awxiqzybhp95e08qx1h5,[5.242119 5.390738],0
156,dgoapkg9vpnafks22kx4,[2.8908563 5.3696947],1
157,2jvnsh0veb6qnn3uv6i8,[10.310846  6.452092],2
158,553l2g7kpifbvn82knxk,[3.5834887 7.646279 ],1
159,58n0dsxyyqnriomw67id,[10.546895   7.4966526],2
160,x8hldszj3z40bgxl4mci,[5.420276  7.3201256],0
161,putb7ja6dwpdag4bwvnj,[6.3753247 6.823321 ],0
162,3m4gx52iq3mwqdycm8mm,[1.2910576 5.87809  ],1
163,2zfdinkl7qrn0o62tlp4,[6.95626   7.3619576],0
164,rd32gyblqsfn03xatnmt,[9.262377 7.232278],2
165,n8pe3tt7qmlgojwhhsj0,[1.5071464 5.5941157],1
166,p6cp3ogj6xy2riczfupv,[5.902017 6.263682],0
167,si6ymh6w7xbo2f40o0p8,[7.8509364 7.3907976],2
168,9trgand057juzal1kecf,[9.637074  7.9319663],2
169,4acutl013itvh9va99p7,[7.1082354 7.3510866],0
170,62olkigg7ntlaf6fzytl,[2.8135662 6.2040195],1
171,zyfp520tbnq5p2pvrkin,[6.3705096 7.4878697],0
172,yyz9rmyzzdp52h0glddp,[0.42759147 5.7309566 ],1
173,2uxkhe454qk8jvk0ufvp,[6.3705993 5.0276036],0
174,pkjom9yr5m9690fg6wsi,[1.9023554 5.2248425],1
175,shtnl1wh1mconb8od5ko,[11.269205  7.314603],2
176,ugaiak78ggmnku4yndlt,[3.4910207 7.011735 ],1
177,5mrih4nj5agvu67vao4m,[4.298085  6.9348607],0
178,66f99grd556eyxjqk7pz,[8.498429 7.797641],2
179,vrdxefyyyx3tkticfqnv,[10.127654   6.0051904],2
180,ik7o5ykfnku0qp74sy1i,[6.8777204 7.757111 ],0
181,99dj4o3b2f6m4jemke7d,[5.835666  7.9825125],0
182,6tq9irjllweqmqe4u7sf,[2.8977985 6.0756907],1
183,je7kqkmpwkosa7nkgfpx,[6.680796 8.136274],0
184,3cic5ziycjx4ik4ll0v1,[3.6078463 6.5782886],1
185,ef04ejvyvmh5votejbif,[8.063849 5.931143],2
186,dfnvtf7qbi2955rjeaqx,[3.38232  5.822107],1
187,bwvpzqnhh752noqjqj8d,[9.234632  7.3341675],2
188,4c90f16c0fcd85d3de25,[2.257724  6.3709016],1
189,2b9ef4e3749f713870b0,[6.269802 5.458923],0
190,b8290aea71e7a5421a02,[9.261572 6.153461],2
191,5f55600069b483f999f5,[7.7150936 8.155333 ],0
192,170a695a2717bcd9b74b,[9.7188225 7.9656568],2
193,a0a1991396f865c9e3dc,[3.1084826 6.761009 ],1
194,3fee5c27236cbb682727,[11.195207   7.9724455],2
195,701a989d65a59c18845b,[4.075486 7.903866],0
196,3672e2896ad7d8f2404e,[10.883557   6.7202396],2
197,52f1bca9ac9c792e4457,[7.078026 5.78453 ],0
198,75097aa30e9373a612c7,[11.545317   7.8479104],2
199,72b4334deffff31dea8b,[0.18996656 5.3093004 ],1
200,84e8300978b600b5f0ba,[7.193602  5.9069743],0
201,2ccfa5f79c8b61e465d4,[6.4531116 7.7360744],0
202,63aded37545ab92d41d4,[7.467893  6.0642343],0
203,e851f82a650692f8e591,[6.1008782 6.7157927],0
204,c352158bed343ccff8e5,[0.74078614 5.239345  ],1
205,e3ce61b92eeae0a33633,[10.335923   6.4982266],2
206,166cb02ac436c9d3662f,[8.84717  5.777631],2
207,749fec50db4020e9bfcc,[0.5857821 5.6018267],1
208,7ab9a2516b2dba99c36c,[4.28669  6.938899],0
209,19fb3075dd2798538c9d,[3.6608462 6.3419766],1
210,36ebf305b7206112f676,[3.2908554 7.716435 ],1
211,1397545fbe9882e5cd42,[1.4395844 6.97281  ],1
212,9e4c54a008ee874fc270,[1.3040313 6.604101 ],1
213,a8846b79555746e4f9df,[8.32808  6.810784],2
214,1629f353a742f6a73251,[4.880379  5.3932757],0
215,1202c731c612353ceef0,[2.8962893 4.9567194],1
216,0e062d9fa22dc8e3bca2,[1.4921807 6.1543493],1
217,918236b530adbe510201,[2.974127 4.891826],1
218,0f8bd9e33125347965a1,[0.8686114 5.728246 ],1
219,2c3b89432513b2035664,[3.7375038 6.7566643],1
220,d94c5dba40d9fcbfb8d9,[10.362923   7.4295106],2
221,7380885aaba482170588,[5.7546215 7.262171 ],0
222,6d35a9a33338a84dd077,[4.166469  6.7903986],0
223,011d454f199c123d44ad,[0.788989 5.884734],1
224,9e7bdc44129bf5acc196,[3.9011712 6.3239765],1
225,93c2f240de504736b8d0,[10.463871   7.5918155],2
226,0f160cd19890b97092b9,[9.135313 5.541172],2
227,432fd26823e230070734,[0.43408313 4.6359468 ],1
228,f4e46ba446c56e56259b,[3.820515  6.6672893],1
229,8fb30cb5c7ad360c995f,[0.3018391 4.7727795],1
230,cb8c2285066597e012c6,[3.3709295 6.516067 ],1
231,a55511198784610bf30b,[5.433143  5.6435184],0
232,c5b9961e65ffa73d971e,[3.3343148 6.0515976],1
233,5b5ef66e547d63806a56,[5.455488  7.1334524],0
234,bafdbc62a48daf6840c9,[9.397973 5.741046],2
235,d3ba1fe030801d700cb6,[8.845447  5.5049553],2
236,3f55d44d7572d52b2987,[1.5763031 5.6894155],1
237,d27565678ffa4a9bfa85,[11.190796  6.909698],2
238,efb9fe363bdeb9f48d69,[3.0150342 6.859112 ],1
239,28719a42e0cbf4991b7f,[9.569709 5.786017],2
240,62156eada978f707f5d2,[7.7818413 8.230048 ],0
241,46a7a18ca160c829a15f,[7.103846  5.4780593],0
242,57c33a6126c456c5ada8,[8.610872 6.146018],2
243,951eea03695f436017d3,[11.170411  7.749066],2
244,098b2c66cbc1ed736e14,[1.9188837 5.0459223],1
245,33ddb1517601db520cd6,[2.2397535 6.8027496],1
246,446d2ad0ca2908ffa4f9,[4.6650305 6.3396587],0
247,ae2e4cb7985c4ac71795,[7.552691  7.6191974],0
248,1b0baf552d2cd47ee10b,[2.1762295 6.7153606],1
249,e86f896d71d48d87464d,[10.8828125  6.9111853],2
250,62a877b83219f7974fd0,[11.163638  7.832502],2
251,7a600fb7e3750998e7ae,[6.163405 6.376045],0
252,c9c9f0b7606030f2aade,[6.953401  7.6581535],0
253,52f4899e918b57df28da,[8.729386 7.212759],2
254,d235a2c32940b970ab7c,[7.5138793 6.187236 ],0
255,8242b99ad9d6609fd19c,[0.4918792 6.1223783],1
256,8d93485dc6a4b2a9f03f,[6.442771  6.7741385],0
257,a108f1103f798c85d061,[7.2503424 7.8037376],0
258,52d965ebf3ec0518bc0f,[1.6147995 6.742629 ],1
259,23dd64a1d2e4965198bf,[8.399069  6.0552874],2
260,f9ef2830cd485d038b53,[3.8501868 6.1819763],1
261,e3b920878572dbcf8c9e,[3.8160775 5.320402 ],1
262,93iq4xjhvlc8072fsfet,[10.951663  8.048251],2
263,nl4vt11ikn4we06zu0zj,[10.369107   7.3381386],2
264,cnqyqc90n3ixrlc3mri7,[7.5395617 7.1078467],0
265,yb4sqfrwu788fa6y4zeb,[7.9787927 7.8003826],2
266,kpw433bcv21ksp1wgrux,[10.172733   7.9612603],2
267,wxgj9kdmdrmullrthnso,[4.1491117 5.540261 ],1
268,bvz9hmtzknu45wvb0yaw,[3.608782  7.2325997],1
269,1kvfwfp2hr5hjxjxzjqd,[6.524307  5.1409283],0
270,m3y8jkkgflwqwcelrwzz,[7.542132  6.7704935],0
271,fov3pbwdqzvhgcjp7o9f,[7.183867 5.981598],0
272,3iz4t53ooerb6sruxf3n,[6.576808 7.280673],0
273,8ajv97zyciosc57q0cng,[0.64312637 4.973758  ],1
274,i8gdglua8vbd4ul9x09f,[6.0842357 5.604765 ],0
275,qd5cqu3du8n28xxtkftw,[10.408062   6.8035703],2
276,fvlb9xi66oze7eo3yhdh,[3.0977345 6.7032585],1
277,4fl8e5s0nf65bm2m34f0,[10.22867    6.5230346],2
278,4glo109mkgy7azntyttp,[0.26621884 4.6886616 ],1
279,cunf3y04zq0f90dgy36j,[8.520402 6.583008],2
280,wbdvbdebq64ujpi9u7mn,[9.273976  6.7307754],2
281,0gfiioqi5g8djhh1wzol,[7.355641  5.4580345],0
282,fb735wd248crm37cgmgw,[10.45311    5.9859495],2
283,zon2ut7eqwqd7i86etaw,[2.9763834 7.184973 ],1
284,1hrtipd0awjpggdje5e2,[4.85048  7.533075],0
285,hcm6w0jxnfqhkpm745cu,[5.88327  6.959876],0
286,z0ti2nr5nh9fpad7wntt,[7.8490024 7.2037535],0
287,44x159fl0pw2uucriuga,[2.1052504 6.794093 ],1
288,7c2qxvccum7f93e8ohgt,[0.24446063 5.2492733 ],1
289,d6qgzp196pwnzk7agyn6,[7.923874 6.488429],2
290,alj4azvv1eqg1cyr3ae3,[2.3172023 7.313759 ],1
291,vqz1prz6hwnqepxsieip,[8.070931  6.8323865],2
292,4xh67ezjc331pg9q3kfv,[3.1539314 7.557121 ],1
293,t8a5fgt3wo8w18amulu3,[1.5183153 5.5805717],1
294,7r0ywonplo8up7m35eav,[8.104844 8.126108],2
295,no0afrue2n6m8hcnuek1,[9.16623  7.580875],2
296,ymb5gxf0fi27kpj2f101,[9.436258  6.1121283],2
297,d93519b044de1fa037b0,[7.850133 7.225171],0
298,afc99b4940e933922aca,[7.545225  5.5211844],0
299,c5d83404b165578ef794,[3.1825812 7.613474 ],1
300,dcd0562f8fb44933cb08,[9.11161   6.1578526],2
301,7694d71417c2f5202940,[0.47732306 5.946505  ],1
302,3ba42ec5350aacb0750a,[1.4441559 4.9376783],1
303,e9b6fa8a87469779d732,[2.3402023 7.525723 ],1
304,cafe5989da5dfed9f404,[2.7958746 6.825843 ],1
305,d52b119f8da2a1812722,[1.1978973 5.535149 ],1
306,11dae4659d30031a10dd,[8.438446 6.450997],2
307,ec4897070f2d3b6eab89,[7.3076816 5.9686813],0
308,a3a0e2129e405aef3d87,[4.499191 7.188746],0
309,a06fdb8743c4d4ef09fe,[0.7735515 6.1928   ],1
310,3ff069e95a9047dbfa8b,[3.0164585 7.628327 ],1
311,016226278e6a69e10aa4,[0.42176518 4.7067637 ],1
312,7c1d8516e6c2ab2d3030,[3.69061   6.5638137],1
313,453d43b3f6bdf467e672,[7.3100553 5.711055 ],0
314,6fe309a58b787e7010eb,[2.9538422 5.4345765],1
315,d8ed5a1897987ffdeaed,[6.425448 7.282426],0
316,99a53846658ba3341de6,[9.268398 7.829848],2
317,3919286d3d8c4f4d339c,[3.4399185 6.305141 ],1
318,4a6e1cf1e4e9d8f54717,[0.4498753 5.632364 ],1
319,0fc996fff93c00ca5ced,[3.9124393 6.3942575],1
320,aa83cf5fc68c1dcb5038,[3.653897  6.1443343],1
321,c9c946fe211251af32d1,[0.6786963 4.690703 ],1
322,bb3328d3b1eecb5e1a8a,[10.8126745  7.4383826],2
323,5f7b406b2bbf9789735f,[7.021692 7.054984],0
324,61de1e21015e07aacbe8,[1.0033821 5.7567787],1
325,5m6lgwi0mkqs8ilg3qqs,[8.507407  6.6611376],2
326,d1e44a91dd4f37c03d43,[1.9191071 5.6909237],1
327,7bb37669654dedc7e397,[10.766622  8.030116],2
328,061db2c91f94c612f2d4,[3.656672 7.128464],1
329,76fe2c19fa84d58b584b,[10.625715   6.4993954],2
330,f36a755a3fa5db5c0743,[4.843484  5.4111114],0
331,cf7f9c2c6872be9bf2d6,[8.628723 6.430652],2
332,b8162292f2171005c2ba,[2.3087678 6.5157866],1
333,a8350dcececa0b02dd14,[0.8323384 5.3852243],1
334,c99e6802625540e4d1e2,[10.893215  6.863391],2
335,cade7d478dac7020a79b,[8.255584  5.7713184],2
336,20f97b68982d1b2f5c73,[11.27034    7.1010838],2
337,6d22912e7e93a96a8690,[8.34054   7.8829355],2
338,db0bcf208cbed26d0bfe,[6.425841  6.1487527],0
339,90f3fbedfce50f644011,[6.074235  5.3164105],0
340,728a4a393899c37a5429,[4.966052  6.0993543],0
341,e3d0782396c346359a8f,[7.7570148 7.1451397],0
342,9d02a160cd171c5f4c18,[1.9460866 6.3524857],1
343,9952cc289c9f690621ec,[5.987696  7.3738985],0
344,0c57caf5358d30408034,[6.8334312 7.6329784],0
345,93f451c36b535d39003d,[6.6893926 7.037385 ],0
346,ac4d829c715fb0c36ad5,[0.81834054 4.878541  ],1
347,0d4a3518a188f6888380,[3.6657917 7.9146414],1
348,fqcud1c5mt7pdp9w0v6y,[3.491775 7.895488],1
349,rq44ojyrvdtad0tzsm32,[1.7646651 5.66085  ],1
350,h6miro3m8713s3dxuipr,[0.3498218 4.91573  ],1
351,lexte4gc3dvjb7ty0qf5,[9.859853 7.852283],2
352,6dx4zt62b8m37krb5l3n,[6.614473 7.250503],0
353,oi7j42phxrp4mc1n9h4b,[3.9495716 7.4118023],0
354,i5hexmb5zlzhd8lvwdv3,[9.123576 7.886766],2
355,cp4d94b2v0ws6am7mvuw,[1.3849009 5.5517545],1
356,6cxj0lsinp9d7215gtpe,[3.908487 7.92367 ],0
357,t7x7ydt3u1cd2svfvk4q,[9.589942 6.018511],2
358,6iag08nt7se7f2hkgzx4,[6.6018023 7.9996676],0
359,d3tt41de5iashfjr1txr,[2.8362858 5.758705 ],1
360,uk8sadmdmw8p7e22l2yr,[10.842695   6.8674426],2
361,svxexhg20hs3bbqd4fm7,[11.591825   7.2837152],2
362,3p34idi1traz2k8j0ulk,[6.4960656 5.309741 ],0
363,t9a891e0764br5ujna1a,[10.249734   7.2988987],2
364,zeuj820acn6zhcbx617v,[3.7333128 5.2688622],1
365,i1fr7kd71b2ni39kn958,[8.620982  6.1291604],2
366,tvsgkf4oqh769h40lj43,[5.0513263 5.4006658],0
367,buv73728fa9viqgrz5mj,[0.97643167 6.018582  ],1
368,w1uwjc89gv68yxkutpoe,[6.6332765 5.3633823],0
369,fkenlzdweox7v0zaopqo,[0.7227685 6.292    ],1
370,uy29im7a6hnc34lfp8ae,[0.8214496 5.581806 ],1
371,kilhyvtskm84umerpjee,[6.0244765 7.6855307],0
372,8urc1lsyw615q5prnxwh,[0.93255275 5.7617364 ],1
373,jyaxybaq8vui614ytd8i,[7.9175806 5.420751 ],0
374,ijieo064jbrs5ss1cmol,[10.099837   7.0013156],2
375,zc7xkcpo969z98kh6bg8,[8.459109 6.616456],2
376,4vnvytgnlmv4jbfw9h3t,[6.8151574 7.0797114],0
377,pv0c4za1m616k25gfwfb,[2.6395595 6.0578904],1
378,mqqf68ny1kdp6i69i7tt,[7.9215837 8.230241 ],2
379,9a25hcbd3mhgaj0fyelo,[11.313794   7.7048626],2
380,9lfh7vk4u8eh6zz1dmvp,[7.502219  6.7647915],0
381,xsxczvs8iluovs3pt5q7,[6.8019342 5.8738513],0
382,reo07h0d5zehmotdlz2w,[3.6697936 5.297041 ],1
383,2d526c27123e59103e29,[5.6538525 5.2212067],0
384,488fc49e8fccd665c3e2,[11.095122   7.9044237],2
385,be032ee60c336e4701e0,[7.3205223 7.297319 ],0
386,19793e7e55b68c8dd776,[5.4438195 6.6068   ],0
387,fe752a6d1aa3d710d738,[0.8824143 6.0140014],1
388,912794ea0c6936c83ce2,[3.3633733 6.4668007],1
389,17e429460d5fda251953,[8.713243  7.4650307],2
390,2e3e7cbe0e69add8d31a,[9.015618 8.059143],2
391,4bceaffe5e429ed3333b,[3.890223  5.6737776],1
392,f22c9341431a6123f670,[5.8126493 5.5721984],0
393,0107f72b66cbd1a0926d,[5.447305 6.683134],0
394,4c26df96293b4a52bc03,[7.104203 7.57794 ],0
395,8e25bcfa51d165f162f6,[5.291668  6.4904747],0
396,9ee3e6df01c7cc22d066,[6.2971582 6.848602 ],0
397,42e83553ca9d77ab4aee,[10.351387   7.9063697],2
398,ba563fef8484139dc84d,[6.3237214 7.4014173],0
399,9b1c065069dbb7a71617,[6.3058734 5.886519 ],0
400,1fa4f2361b8a03040292,[9.163584  6.2054744],2
401,82da6d26645f8f71bd61,[6.5342917 6.207439 ],0
402,a9554f5c3d61d05617e1,[0.9900443 6.354979 ],1
403,2e2c00240c341a4265e3,[10.234707   7.6319966],2
404,4e768251c78b687fa993,[9.848154  6.5886927],2
405,6964a3d507ac1ecf9e52,[11.235855   7.7744513],2
406,03754dce5ec7731fb3e2,[0.512688  5.9086647],1
407,4738a118c8b8fa271fd6,[3.997439  6.9857054],0
408,2af634997fba501740c2,[6.047442  7.1845937],0
409,c9e6e9322dd7054e618c,[7.0093336 5.768546 ],0
410,d72abe041b8db9118e70,[7.609058 5.917627],0
411,b0a62c35bfc7f529e83b,[0.8024053 5.2623887],1
412,a856f10303ba34926fdd,[8.228123  7.5705414],2
413,951678e2f3db4cd9911d,[7.8833137 6.099786 ],0
414,b34d4dc5b6c5fd7c5def,[1.4420674 5.6436872],1
415,430420fb41fe0a889868,[0.40485445 5.9145703 ],1
416,e17f01453906e3ae5716,[5.229002 7.153379],0
417,d536120baaef5495c028,[2.401235 7.378524],1
418,2ecb7fb5ff8899614c12,[11.594319  7.89803 ],2
419,d6f3f410bbb24244d270,[1.1524397 6.7149267],1
420,67f8d47cfb7b7b3d2095,[3.2178848 6.4252434],1
421,a0fa57995e3e8cdcc13a,[0.9115733 5.672461 ],1
422,fe40bd528b4fbbf591e1,[3.5835328 6.697054 ],1
423,be52205cb48c05e10567,[3.7462125 6.967445 ],1
424,03e0c9bff3a9557480d9,[0.92192626 5.700253  ],1
425,60c3549c706fe13322ce,[7.102335 6.555197],0
426,2826ec26211d83efd2c6,[9.632021  7.9030814],2
427,6b9ee688551136da2eb9,[8.11267   6.8142877],2
428,454c91e8f96c1dc4e994,[4.180512  7.8570776],0
429,854ce9f7f4d7b6115854,[4.4606895 6.81909  ],0
430,d103bd9455fb9258c805,[4.950516  7.0250134],0
431,13de1d3a55477a0c0329,[11.026303  7.911787],2
432,pg8ucem69ixbqhznx0x2,[2.1342137 5.0794544],1
433,vzdurh8f0rfus5h4bde2,[8.038404 7.949555],2
434,ucxxvfcovdwuokyswife,[4.2809253 7.4053526],0
435,yums89f0epz009xrrwrf,[7.950379  7.9189878],2
436,4y1vvkscejq34042oag4,[2.0837588 6.1117477],1
437,ng2c52g74hfaudyxmm6m,[4.855084 7.428119],0
438,ttsjumez81r1ot6tfe7n,[6.146334  7.2223115],0
439,m3xzctvbxlbxz80zz042,[8.666644 6.173782],2
440,1nebcwra7a0fduy8c1fa,[10.052461  7.198689],2
441,z9q10sbk27qpuvatlkuw,[6.921317 7.807552],0
442,cgydhui8n3uoxbq5rznl,[8.034628  5.4272294],2
443,sdun9fmcol7sud39mllw,[5.5084853 6.3609014],0
444,csxiwtz34vm9vr0kbryx,[11.089257  7.96351 ],2
445,4v5xbvn3yhmvs97477pc,[5.7628574 7.9400125],0
446,g5wbnnhq1jbyc32q3003,[0.24142292 5.1341963 ],1
447,ulowmljtsh72z64haltq,[3.1533537 5.7277246],1
448,19rc4zj7sw4ms0996992,[2.9007227 5.105013 ],1
449,mn8t0yyppsznr674ic1a,[6.815166  7.0275083],0
450,isavn2ahb9n5z1q8win5,[1.8090174 5.9907317],1
451,uhky1uwx18u1e4nixzzf,[5.6814036 6.885024 ],0
452,h9urbo4ce8x02brjnloz,[2.0719273 6.102506 ],1
453,lewkf2owb42ywhfto9yf,[0.58518565 4.3365083 ],1
454,p3cs5x8cxrwubesmagvl,[7.033199 7.616641],0
455,u968v341lom8drwdzqqj,[7.7865396 7.0292153],0
456,x8hocidvl3emcmrhw2f8,[10.53795   8.029794],2
457,0sgnvj4zfg3xjjb9fl6h,[7.392672 7.397428],0
458,7ddzwidmh4uwbopvlast,[1.5684838 5.803239 ],1
459,j8inicu0iafkpv3u9431,[1.0994384 4.7296505],1
460,74g1r714u01v7nb4vn8w,[10.247812  6.022364],2
461,em248gxmeso9cw0wzlv8,[8.682918 8.076213],2
462,hoedc2pzfz6av5bn1jq3,[4.2949333 8.03417  ],0
463,3ywgcurp27qp1fydp27z,[10.620341   6.9984026],2
464,inyirhdpjahiguhs9e5b,[11.168584   7.2074647],2
465,flde3irykh8wauaj2fuw,[10.281078  6.044574],2
466,1otvyki9oso9bg6ob16u,[5.2042456 6.8994126],0
467,05e1c3ce1728da7e37e0,[5.192862  6.5575023],0
468,93f200d7351d4980fec6,[8.944287  7.1397805],2
469,4dfdfa5e1a04c832b9b4,[2.548824  4.9862137],1
470,151cd83784ab9007e8d8,[10.227661  6.593729],2
471,8e1012c9f4775ba6a451,[3.8167272 5.2014813],1
472,413cbf664ac3ba8307ea,[2.1785915 6.354806 ],1
473,3bf7b3c9aa7d93ecb603,[2.867478 7.476621],1
474,9ad512cc6cbd79aa81c7,[5.6309285 7.1644325],0
475,71f6622e7caa6ed92506,[6.4818263 8.190379 ],0
476,2fe9648ea28753c73c2c,[4.2510214 6.7003074],0
477,4474f24ef69e01e2c001,[4.7191505 7.062619 ],0
478,f81f52969ef1de783de3,[3.9787729 5.6044354],1
479,b9c7c66c8b57b9d3c6fa,[10.98929    7.3897667],2
480,a95a606f0110653858b2,[10.800486  7.176755],2
481,66d7c0bdb21b7d5bd83d,[10.710496  7.551587],2
482,c89e8b7b18082e2fa6df,[4.383974 6.95558 ],0
483,522837ace4fd8dd743f2,[8.131384  7.2970743],2
484,0df40593e76a840fd64b,[2.206231  7.4974484],1
485,952e59666bdde6dad94c,[2.3491733 7.52433  ],1
486,800d0095388d11344b78,[6.950555  6.3805485],0
487,d53a4fb612fb801fff3d,[6.704767 6.147526],0
488,71ca74e191e71b0219b5,[10.807188   7.7195625],2
489,dddd7ba8769cf90bfd62,[0.59416825 5.33333   ],1
490,758a52e21fd5c23cd7ed,[0.33405766 4.6858664 ],1
491,4cc0dc56eecea1d928d1,[7.6172643 6.696007 ],0
492,e62f7655cb5259abfbf1,[3.293947  6.4385996],1
493,0258f681a9e1756dfc76,[9.648658  6.0496097],2
494,8bf3625652581859dcd1,[2.345126  6.5079937],1
495,63c38a00d97e62c31e08,[9.437454  6.1582217],2
496,f9dde99f5db421171b51,[2.1991866 5.950781 ],1
497,b1b3363b7086aaa99b0d,[6.8451376 6.618589 ],0
498,e4af37199530e9ea523c,[2.9984086 5.7001486],1
499,204fdbe885269686a392,[0.45516825 4.652803  ],1
500,b1fbf77b475e79c3d413,[1.3765026 6.8779984],1
501,7f1c076b22be73eef99b,[0.7198706 5.4535265],1
502,b9a8b9ee84232efd7d61,[1.0716217 4.666192 ],1
503,52a24e35d5356ab34a2e,[10.763608  7.705605],2
504,5abcc9d4fb5e764b2f6f,[8.691196 5.712055],2
505,04f2689b4ea16d8d7d9a,[5.7644577 7.967315 ],0
506,2db6dd71f1d07300382c,[9.7022505 6.771358 ],2
507,d2c5423ea5fa0a995264,[8.982285  6.1026607],2
508,81c441973fd4e024d60a,[4.7003093 7.185428 ],0
509,83b54209fa2b1055369b,[2.005949 7.265045],1
510,9ee4ff457095eaf23309,[5.1234827 7.8936596],0
511,b6808721d4a7900e360a,[5.5111637 5.745136 ],0
512,f05247f3d32a4bf5a6df,[3.7363398 6.507118 ],1
513,6fc66606e74242398444,[10.358795   7.4951653],2
514,5a44a7c59729d41d596a,[6.5420933 8.041359 ],0
515,05e6d9723ab3cde0841d,[8.712317 6.066056],2
516,2a515047aa9d085849a2,[5.3472996 6.6567893],0
517,3f34e3108d1108dab0fd,[6.6302385 8.049463 ],0
518,42dd5f9cd9e2c3ac9ed7,[8.88379  8.077376],2
519,e5cab2ae37f3a9ed4f46,[5.675212  7.2714653],0
520,ca10145a308249ed82e9,[2.334715  5.6888466],1
521,5cda8273b348fbda9f29,[8.064061  7.4226594],2
522,96c23b85b0b4ffdc3cae,[0.26058632 5.2085876 ],1
523,329622100fe091a4c48c,[3.2935705 7.5543675],1
524,2933a3227c7ce7fe21eb,[1.3677554 6.6923866],1
525,3dba043eb6065ad3a343,[8.886507 5.6715  ],2
526,8a9f3822aaa08e579e4f,[9.098941  7.7881174],2
527,1367d35cf39783effa7a,[0.37549582 4.5693316 ],1
528,c6ab0de398cfcbd21dc5,[1.9878594 5.1310678],1
529,4e508744a9816cc4586a,[5.1688323 6.8259854],0
530,o3jddioub8dsv0fm22qn,[10.42022  7.54308],2
531,4130weedl0x9hc7qe5a4,[10.531029  6.710511],2
532,aqpg6qwtponj9ojmx6ls,[3.8282952 7.593277 ],1
533,pgknalznufvmvwgc1ca8,[9.360248 6.387157],2
534,oc0ww31yssff9rktgowo,[0.5993771 6.265745 ],1
535,rsclhbtmbxt0xrye64ax,[8.907291  7.4193993],2
536,orubxhpr5e1heat93ue4,[4.3630886 7.133802 ],0
537,4x441h9y6wzknmtdw7q4,[3.3026302 6.7420225],1
538,2a6ap0t2rsvoogmydj3a,[3.494344  5.8991942],1
539,daty5mq7b20bkt2c2zfs,[3.6025095 7.434383 ],1
540,hhplrx9xd7cm2w7aslma,[11.247668  8.029716],2
541,xgvqpyg5mro3wihwngur,[1.8972948 6.103174 ],1
542,jnupp0jsv1kjsvbzlnrr,[6.454835  6.7378025],0
543,u9owl1eky0jf8t3nc50o,[2.685329 6.837497],1
544,ubi6gd21j9e9rw46hoz6,[8.835628  7.8361225],2
545,tv0sptqq56ri3dpcd9nl,[9.062854  6.0136456],2
546,8kvpozl8kjupzd4yvwbv,[6.599106  6.7020483],0
547,m6p2hujqw21vc4lyt3f3,[0.6890751 4.671788 ],1
548,nx4zicy1jbulkuen41s5,[10.311061  5.905485],2
549,xnvmb8uox3576k142awg,[7.548747  7.2879443],0
550,nkr2o4v6q9alvt7ju51e,[1.9586042 4.946186 ],1
551,01qkq6w2v62cimidb3b7,[11.570649   7.2440515],2
552,tp8x8dgd7d6dhpth8xni,[10.83722   7.421483],2
553,uhthvh60xp911d47x7xm,[0.7895801 6.2644935],1
554,a30afe3tftu3pgsdxxdq,[3.0122292 5.593247 ],1
555,9nfrfi8p7oktnfr9c30b,[7.849072  7.8230596],2
556,34qcy2qj5lij7g82hpvw,[7.0198803 5.5842957],0
557,mhufhb84kyqgs0anwy1d,[6.1230702 7.8443227],0
558,1afepx549ssnar1m9acp,[9.371265  7.0976825],2
559,j605t14y7ie6vr2n8s2c,[5.8346663 7.631312 ],0
560,zq3xohaut5o9dbd9064z,[10.787942  7.302861],2
561,me4d1o3nzhyoj0xfast0,[5.3343306 6.9501305],0
562,p611flt77czmqgut14jl,[10.719159   6.8286915],2
563,zuw35j06tzftt6oon4c5,[1.8351306 6.352428 ],1
564,f527k17lr4aumahjtj92,[2.642103  6.8230104],1
565,33184c1cba6a37cdbda2,[10.49851   7.947019],2
566,3f81bf9625e47ca1963f,[4.0863743 5.47277  ],1
567,8bece93f0b270602e64f,[7.327521 5.621053],0
568,27cc9165eef05eb1733f,[7.344276 6.212524],0
569,3c37e3ad275dcdd39e2c,[7.9330544 7.987388 ],2
570,46e2d5243b6eef040f97,[7.633778 8.323619],0
571,37f3b3d773c5c073bc9a,[6.037824 5.50613 ],0
572,96dc0554852b5a94a400,[9.0233965 7.902477 ],2
573,6273f50d9a0b4e6d971c,[11.182211   7.9334054],2
574,4478eae73fb84cedb102,[11.136489  7.881332],2
575,0a7f1a73361654329281,[8.216972 6.941779],2
576,301f57984e5d2969c938,[1.8120033 5.232143 ],1
577,3b3b2319b0995f149ecc,[4.118341  5.6611547],1
578,3313c40ea45a87f9d2e7,[0.9135245 5.656629 ],1
579,81931021ce711e124d0b,[5.359632 7.668042],0
580,9294393fcd13593bc537,[4.656523 7.462973],0
581,31741464205aa8cdb4f5,[1.2493209 5.955784 ],1
582,c63d5a67687762a9f967,[2.228797 7.481027],1
583,ad29c5822807dabe497c,[0.49205005 6.2260246 ],1
584,6fefd33cf297f69bcae3,[5.6985936 7.6214013],0
585,17dda5f588bed077c742,[1.9676229 7.358458 ],1
586,6d90c2fd38f2ea52ffd8,[2.7708213 5.500609 ],1
587,fcf6463f948b24ac7cd8,[6.1757936 6.86212  ],0
588,d1df92e9d19fb2f22ebb,[4.858783  5.4030085],0
589,72d383f55803c5a81bd6,[0.33654028 5.444323  ],1
590,c20c86d30d19b39745e2,[1.9230877 4.940169 ],1
591,f26c1d520ac39293c68a,[0.30275813 4.4754596 ],1
592,bc48d03763657ec4aa63,[1.188425  6.5321383],1
593,09e4bfadd7e012c37c7c,[8.016497 6.402664],2
594,fc39de3859d890b9693d,[10.907068  7.599747],2
595,a94a32ebd5f7d177053a,[7.619026 6.091216],0
596,9b43f5fcb5d592a689af,[10.62786    6.6369133],2
597,b26aab632fd33a01020a,[9.190663  7.9119368],2
598,074d7f43de7264306775,[11.022611  7.119694],2
599,fabad359607dabbaaed4,[5.4702044 7.99776  ],0
600,d6d6e7da792fdf0106f0,[4.2906513 6.958675 ],0
601,e6b9a4292b6a8e8e0ef0,[2.5816243 5.0040164],1
602,9493dac6dc982d2b3dbe,[3.3613667 7.839507 ],1
603,9104b8987aefa9d8e884,[3.1622097 5.55204  ],1
604,7ec5fc60b1ce755e0e17,[2.7871106 6.8291855],1
605,24ca7714d40e2fe53821,[1.7465194 5.0741367],1
606,16c505069c1e5c2bece5,[0.29380378 5.2113643 ],1
607,69a4b3d15a5bf0d0e43e,[7.396445 8.320505],0
608,6abeead45fd57abadaff,[6.1890106 7.5131845],0
609,5e89fad73b2ada2a30bf,[8.8030405 6.8648076],2
610,94066a900026329cd5cd,[3.1645381 5.4427977],1
611,0bb8692f43a372e8d967,[1.9313717 6.868985 ],1
612,e224221a9971f9f45489,[0.7458242 5.771079 ],1
613,c42aff1f9940e24491cc,[0.6364422 4.3900576],1
614,a34fbbb7d9a19eb82450,[7.117598 6.631086],0
615,3c71b62d597098c4cd18,[4.482513 7.377386],0
616,43d34a076620e32fedfa,[4.1920104 6.65544  ],0
617,eec0307b4d47609d6933,[10.371976  5.971872],2
618,d45eea92ed42431d9076,[4.3729153 8.171444 ],0
619,fe5cf715d9c94fc7779e,[11.617605   7.2261734],2
620,1f56b6bda24efafcf3a4,[6.672115 7.98228 ],0
621,c682f6819dfbfc964bc7,[0.33096784 5.4256897 ],1
622,81e59e96ce9bd6a76bdb,[6.6328626 6.209919 ],0
623,a96027a83196027cf822,[3.656762 5.968177],1
624,f964ee6bca634319a68f,[10.573165  6.973799],2
625,c35834f349db8ef7c591,[9.206784 6.113009],2
626,7f91b4ad141d21887b79,[5.5727186 6.677037 ],0
627,a11b89c60677835e450c,[0.39864498 5.9864187 ],1
628,lf5hmkicbiuolk7khwwb,[1.3661386 6.1234307],1
629,4ewf46mylf75olvvihqj,[9.916043 6.783333],2
630,u2rchqp6tof1bkr07izf,[6.868622  6.2610607],0
631,nrv5a6tr3ya2iv3p5xpo,[1.4707952 6.487526 ],1
632,70ym0xeqaqmx14dv6myx,[0.5164112 5.123243 ],1
633,r7embk7pqzg5g5p245x4,[2.8197854 6.88676  ],1
634,b2imd0ms1p4fxkfcpygc,[8.592076 6.691664],2
635,jv67r7eqa9z2a1777eex,[6.2586317 7.21547  ],0
636,8jo5o2abn697lg482k0e,[7.056535 7.280809],0
637,ezdogkk0jqt4nvvvbnxp,[11.206401  7.998271],2
638,wf7yq9n2spgto3w5ad9r,[0.39100394 5.5721574 ],1
639,p9enp5lzhiufas1xpd8p,[5.7557406 6.9582987],0
640,lx7vfcjhdxzh2wkt42hc,[4.1239085 7.467502 ],0
641,dwg6k0ka5vuwzo5h11m0,[4.3991404 5.538798 ],0
642,5jxldd3plo4x6oq140l5,[6.3522744 7.254899 ],0
643,orgvbr9mbmfo4z8tbsa3,[11.6313095  7.323802 ],2
644,3w0b2b1gz9i1nhmtab7s,[10.650779   7.0209517],2
645,22fey6dqzcrm0jbtfnmm,[0.7976878 6.364929 ],1
646,4atjmlccken75lck9ffp,[1.7603335 6.626618 ],1
647,tuidsy7wcktf3jppecp5,[9.668251 6.742707],2
648,gzthlilac9ixoayq02u1,[5.7528005 7.438625 ],0
649,r3uk44zat2tcyj5wmojt,[2.6903238 7.6461306],1
650,k1r03pvvsv9zxrft5jgi,[6.4939666 7.1116533],0
651,5ez4c53h3kdamnlvkpna,[7.839126 6.302156],0
652,p10d5vx8mpn0v82i51gp,[3.3999565 6.422452 ],1
653,sushd67p0jy6f04a3h0m,[7.2272506 6.809216 ],0
654,cmy2w5due4kl6pn6uia5,[11.65445    7.3744197],2
655,4oqxw56hzk4fk8aqh3e0,[6.510288 6.877464],0
656,d4geyy1ox6qzlz4ibz0z,[0.5114568 6.079644 ],1
657,wu3cwt7cavxrllp6s123,[0.7017945 6.3255415],1
658,sf30f3p1koevnfztc2pd,[0.76931375 6.2830853 ],1
659,i8lx9f5ut0kaz120j30d,[9.218891 7.745114],2
660,6ixkthdoadcwip3r1sy2,[10.036786  6.641024],2
661,skyax9iocbd5gzronpru,[6.187857 7.181351],0
662,s97masc6nt48h4ly8s1w,[3.0115418 6.687215 ],1
663,510a90cd169e2eb042ab,[9.577295 8.042121],2
664,2959d8017312337a2ba6,[0.5104732 4.3445883],1
665,07e3362d20ff4337671b,[0.2933054 4.5863967],1
666,b6ed77b2b3283f9379c8,[5.123103 6.930138],0
667,09dfa3f18e48917f0242,[2.672064 5.982148],1
668,dba2bc2a15c1e8d696fe,[6.0290174 7.421953 ],0
669,ca66ab7e59628143cf1e,[7.738168  7.0344977],0
670,4a7f53c0a376edadf38a,[9.4527445 5.869444 ],2
671,bfcf5965e6024248f0a3,[8.853419 6.207225],2
672,4156dc6090d72c95c23b,[5.099136 7.870998],0
673,1b36a3223f9dd94a211f,[1.0091074 5.1547017],1
674,8cdbc02c05d6ebafa9eb,[10.533556   7.9529047],2
675,390d1fc3b78420815190,[4.236566 8.108664],0
676,be24259f2867b231800d,[4.0256443 6.0011344],1
677,c7c79725138f07b9c265,[1.7602876 4.8824043],1
678,e199ddadaaf5aee02eb8,[5.148706  7.0216303],0
679,b92448e12093e45dc6ff,[3.3151703 7.228681 ],1
680,28d90a892cc66338f962,[6.449401 8.151077],0
681,3a9d955e2ef47191a742,[3.0167043 4.9185724],1
682,1096bd470d3ddff1ec1c,[7.48309   7.8741055],0
683,8b586d8b9c06414b2487,[1.7274425 5.32866  ],1
684,cc317db3f3bb874542a7,[8.447262 5.72275 ],2
685,1224ceafb61456a033d0,[3.3433414 5.956815 ],1
686,29acddb87cfe062d73f5,[6.207103  6.1399984],0
687,e103cf810dfba59d0431,[6.571583 5.198495],0
688,25c8e1ae2335e8c3e5b3,[5.8634763 7.6806493],0
689,b8a4fd679898150ef87a,[0.89218897 4.6984177 ],1
690,80423084979315c20dbf,[11.028399  6.762276],2
691,217c87d59a4372c4f3fc,[6.459622 8.110724],0
692,5ada57d72f07c3803d33,[9.213407  6.7620316],2
693,f1c1c0932bfeb74762d0,[11.634717   7.3823013],2
694,b21ec59d991586279d95,[6.70998   7.0036387],0
695,e28711e2f5500d3d6b04,[4.022812 6.292189],1
696,0d260d8fac2289c8ed9e,[1.6345661 5.966779 ],1
697,4c79be630ae9d3db6aaf,[2.9586117 6.1962595],1
698,5e12a0421c20717035cb,[3.932234  6.4313803],1
699,7207088b2ef28ff6b669,[0.3149379 4.717992 ],1
700,c24bc0aaf20c79d2dfda,[2.7346587 6.143409 ],1
701,24524df0ca55659c384e,[6.4546576 5.242311 ],0
702,ed5a13234f04cae4894d,[3.9443822 6.305211 ],1
703,e7958857e7d2292ffbc7,[9.101251  6.4068475],2
704,86366c9920186cc4d1a3,[3.0259302 5.574502 ],1
705,767e222eeb367b2b010f,[3.1825652 5.711522 ],1
706,46a60ed041c8ebf98061,[11.43185    7.3996997],2
707,54342435561e775ce97f,[5.0854583 7.1948195],0
708,78e6c80ea8dc73ec747d,[6.7303824 6.2824383],0
709,f50dcd09709383fea95f,[0.31283903 5.799268  ],1
710,ade35014b25afed24916,[2.9928625 7.1671953],1
711,914f82268754cbf71a54,[4.4165382 7.558545 ],0
712,c0884e4814b0f32935f8,[2.1007783 5.228176 ],1
713,a87767892344a954c746,[4.4769874 6.6723013],0
714,8f81bd9cbc5471ebfc60,[11.453083   7.7221885],2
715,vwyziyyebvsje4dqjsrp,[9.496573  6.8260865],2
716,5c83f4ed6601ddf1a6fa,[1.049104  6.4926543],1
717,0999173c045ee29a0b44,[4.899592  7.4882975],0
718,8f477d2c60ec76ce22b7,[5.7123456 6.747938 ],0
719,6604efc6fd93e070f40a,[0.38126415 5.7651806 ],1
720,1883af270e36a7580332,[10.256006   7.2262483],2
721,a14b9aa97f66fc82ede3,[3.8045177 6.1447973],1
722,388090578f22a3c33738,[1.2601442 4.73955  ],1
723,1fc5b87acdfc2a8b580c,[7.4680033 6.706309 ],0
724,0b28c0a454678b75eefb,[4.665382  7.1701894],0
725,dfa917b9dc15c87ab016,[3.8068511 5.58486  ],1
726,2e54b1c7bff5847c82a8,[8.518466  7.0932393],2
727,869eacc999a52155ed53,[4.8158016 6.162505 ],0
728,cby6hsod14blxr7zyfjs,[10.11934    8.0149975],2
729,gm1xiqmop9j2d2acc2jg,[0.38119012 4.6192913 ],1
730,lqm8jh0uggps7yd0lx2x,[8.543986  7.0526037],2
731,7ae6jy1vw15ppmnq6sba,[9.209479  6.5644765],2
732,quam8ci0euq2dz8xldzz,[2.532036 7.238423],1
733,4bq1kdgygbtif8w80s5y,[10.627714   7.9260263],2
734,l41f9f1gb0y5rxcqfv64,[7.6366115 7.3853087],0
735,d16ht4y29lrac1brhwm1,[9.720741  7.0172043],2
736,0txd5enpfmbrth46w74b,[2.846697 6.770125],1
737,preni1j2j1gkvq1knpag,[7.0334744 7.117485 ],0
738,ggweeccb6anw0j3y32t0,[3.544443 5.148222],1
739,uem908xkm2x04s4iu84k,[2.7253246 5.3054748],1
740,nd9xpohv0s4ttw0o7fts,[4.0346646 7.4029922],0
741,ny6yox8nvtlotclebkk8,[9.242607 8.013347],2
742,hpb03ydulnt2b9ffa0j2,[9.115633  5.5521717],2
743,2krjeqjgjqfuumdo3ibt,[2.78026   7.5370555],1
744,1n42senfkcjopw1zh39l,[7.483417 8.322209],0
745,jj1jl4nhnkxllubypoq3,[0.35732055 4.6720138 ],1
746,f5j3cojh9fr5gvylr0yi,[4.029034  7.5313916],0
747,hkk3qiui3e3r969oyfhf,[3.9091241 7.5683355],0
748,xw0r5n17yfqv2va40bhi,[6.8853354 6.8057323],0
749,4erna0vkk9gu5umle1se,[9.592362  7.6150255],2
750,fvqo3hum9a1rl6rxbyre,[7.2104497 5.910582 ],0
751,22wb5ostye8edvfar59p,[10.629371   7.7487965],2
752,bgvt5n1h0qt51ze0md7w,[9.8390045 6.1003485],2
753,g4l5baozrnfblxayrhox,[6.3572464 8.073617 ],0
754,ec5zb47nxjbuzemc81p0,[6.6228724 7.628287 ],0
755,rd4p70jwu852pbdjwl2d,[6.5670424 8.180124 ],0
756,59bybxqvhton27u0jtfm,[7.9242773 6.148991 ],2
757,x7xh8m5fvmipvkav1cb4,[10.337111  7.732201],2
758,ljylby8inwh5b93wkean,[3.822729 5.314684],1
759,ygoahstwe9gz9w87qncs,[10.541493   5.9690886],2
760,xlp4p1b56hrhhyr2y3kd,[5.92168   7.6151814],0
761,me044us8pj1824r4dye2,[1.9563922 5.7048435],1
762,0lgtv09uoh3ova8sjbze,[2.5561535 5.8331017],1
763,4e693829528e3e7de62a,[7.6166625 6.3052397],0
764,4aa8ff74dc576b7adbcd,[2.8451867 7.7220736],1
765,792e3326f0d9f68389d9,[3.517393 6.251369],1
766,9b913075e93b2b788102,[3.188146 5.7772  ],1
767,1c2aef3af32f6323a31d,[2.185852  5.0374174],1
768,9f0ce6d4cdf9d1772417,[7.2755055 7.430856 ],0
769,db0241cf536c2174d9ed,[7.47055   7.3687162],0
770,2c27d4de6ae130e7e242,[9.446116 7.701035],2
771,2b3492096a4d12bb86cd,[5.443535 7.986155],0
772,f8c2f04e8e116f0fd237,[2.9007802 6.950165 ],1
773,2a6394114c31a10dc92b,[4.246361 7.007728],0
774,0559e9cf806dab4cc20d,[3.0092227 5.881296 ],1
775,6c14ce386a9cda72549c,[7.659325  5.9459777],0
776,2007f4965d2aa6064a25,[5.098126  6.2245326],0
777,6fa0b38bfd05105503a1,[6.077119 5.297189],0
778,3e4e608ace87fe97bdb5,[6.216276 7.555369],0
779,d554e419f820fa5cb0ca,[0.9211349 6.324942 ],1
780,b8d20bc2e0d3d86f5613,[2.25826  6.450283],1
781,df62b7675d1fdb8e6b11,[4.6019197 5.562232 ],0
782,ff63c210b94623453b5f,[5.5571632 8.025327 ],0
783,a2f48a796e250a14ff55,[8.7909155 5.7406254],2
784,8975db410fd78d462688,[6.5708714 5.8823376],0
785,dac03bcbefc3a08c8b50,[2.8275712 6.012028 ],1
786,d7464b55181ef45e2d63,[10.449072   7.9025135],2
787,663aff87732c52f0e342,[8.382478  5.7714443],2
788,c3beec92b66ff78a6ba9,[9.575647 7.985289],2
789,7535fe5ae754da62a534,[4.3180118 5.8070936],0
790,d9dfc134efd3826bdaed,[9.742841 8.040069],2
791,e2ea6dbbe90983dbb208,[10.508207  7.943358],2
792,6efd2d79656d1b056f72,[9.689648  6.1629524],2
793,d5067bceac0ffa5e4704,[6.022956 6.381174],0
794,ebe7a295f61c831b0093,[8.710242 5.690202],2
795,fc916744a3bd5120978f,[4.6572075 7.9488378],0
796,7c30aec52f13bebe07a6,[8.441548 5.709779],2
797,2d9a38c93e37bc475cb6,[4.931134 5.475948],0
798,a1a127e2bf29c380819c,[9.992491  7.5807934],2
799,2c7d02c44b47e3d24d52,[9.777714  6.0907173],2
800,ce9dd8f1570caa0d6f5b,[9.417292 5.677411],2
801,7c039dde693a18f3a834,[7.0581436 5.8131347],0
802,hjcfqm1yfzh8s77mo3ec,[3.9515402 6.2811146],1
803,1hues7esy9erdsses6m0,[8.332296  7.0994816],2
804,p58nsuk0hj5uh2xk2k9p,[2.6452575 6.627792 ],1
805,5l1b1ma70rilf7mojch5,[2.660403 7.628464],1
806,zylvq01zq0hxavbvsd2f,[8.406273  5.6882987],2
807,4ycyhj8tyx2b17fcx29j,[3.9818707 5.950497 ],1
808,n1nh33yq3nhwt4mx36yc,[10.912382  8.099822],2
809,jtbq3gkfw2tcsjvfwm56,[9.677485  7.8085146],2
810,oriig6s6fmvi4f7mxamy,[2.8269866 6.9665885],1
811,i3b6qk80m9jqwgft968o,[10.2493925  7.4656267],2
812,2svwdpmdpjsdzafekntw,[4.120771  7.5106006],0
813,81kmylu471y1njt1pin3,[6.3818    6.9292316],0
814,e9vzigim3qs88f721ohz,[10.325661   6.4005694],2
815,8rsw4xhmff15occogf32,[9.198736  7.5930877],2
816,siv6gzi7una85o8fzrwi,[8.846266 7.567855],2
817,ti44fbogdeqbfflbizj7,[4.0250144 8.01801  ],0
818,5rxl72n8rmnxwrxcss0q,[11.389702   7.2764854],2
819,tbypawuj167ycyvg8sc2,[10.293286  6.627004],2
820,10xnkvdetxarrkdhx4i9,[7.72609  7.162464],0
821,s8uk59p9w5ck47wlw3ea,[3.7674818 5.1339355],1
822,y0bdtutppfdzzttzq8dy,[8.397894  5.5762444],2
823,ipd72mytvphpd9tcejgb,[2.0700846 5.2003956],1
824,0dapvs3h4h3h1ahmt2o8,[9.390889  6.6564155],2
825,95jqkrj6zv7qf1wz1p8e,[2.1354518 6.8295894],1
826,jivt017uwst4sg4fqlek,[8.319281  6.5632296],2
827,9jq31h6i3ny1lx0mx89e,[11.547799   7.2291694],2
828,cm2celd9hmos24j2a5cg,[4.2404027 7.997703 ],0
829,wmes720kojsggeq71m5y,[6.1680017 6.4872293],0
830,8nqoz5k93j7it8w0muhl,[9.334892  5.6643705],2
831,6qp85ufr2o1zg8k0cvtb,[9.748209  7.6500826],2
832,5zczdtyecu2w495j80xv,[6.963705 7.674449],0
833,bt192zri52uj2flwikrw,[6.590731 8.266184],0
834,qol4cum3ewnz45dzpijx,[5.89231   5.6238914],0
835,k8d21tlgxmu6i35atvub,[11.563985  7.282925],2
836,vd2j77wynysztt2wbv2v,[5.3258443 5.322695 ],0
837,119b36a5797d5ce69625,[0.5171909 5.4764166],1
838,ee07cc24589beb775d33,[9.820092 7.624152],2
839,44c7cf3881ae07f7fb3e,[2.8478966 6.718838 ],1
840,c681117f7f586fd730bb,[10.781402   6.7903247],2
841,1cfe33c5b178a0c2367f,[8.58648  7.980541],2
842,6496d6268092ef8e7e9d,[5.9342833 7.834811 ],0
843,00cbf05221bb479e66c3,[8.505871  7.1300654],2
844,5963ba5cd9d242a00e22,[7.0286603 6.7736473],0
845,9a630f9e9f4ec26d8fcd,[5.933184 5.88368 ],0
846,21e23771e52cb5291b19,[2.3199878 6.069315 ],1
847,9c48779f6e97be993771,[10.115303  7.137354],2
848,9795edf22e930bc30fa4,[1.50946  6.051706],1
849,bf07cdd92f1ff3197397,[4.7843432 6.2884254],0
850,7742559d8e833fbcd326,[0.37131432 5.4538693 ],1
851,8a45d6748ec853f7694c,[1.4094319 6.296474 ],1
852,d3e269bf68d51851097c,[0.5162748 4.305511 ],1
853,8f1ddd99ac8c59bbd788,[3.50897   6.6088614],1
854,03b463f52c0fff35433b,[7.728009  6.9952374],0
855,b7f42d4b51972267680e,[3.9740064 5.9556184],1
856,a1d00fdd7660b7e88077,[7.7249546 6.0212197],0
857,ac7214620207dfdd149d,[9.226981  8.0344515],2
858,117ee98c7f916c88ddbb,[5.2332854 6.8719177],0
859,91439fcb2590c49dd20d,[11.299391   7.9861636],2
860,53d51965c40a54cff1a0,[6.023425  7.2782593],0
861,efd58fbebca61c41c881,[0.3851955 4.5584345],1
862,be75e05b9db5efb1258a,[3.6170397 5.8283534],1
863,a337d5368b0d110803b1,[6.5822024 7.9490814],0
864,204a7d6db340a3c18ca7,[3.1740134 5.87112  ],1
865,97442da123c449f6a146,[6.6390185 6.7136555],0
866,cac84b1c3033872272f0,[9.584515 6.542197],2
867,882ccee198e25b49b30d,[10.40114   5.982818],2
868,8068144149e4ba65ef38,[7.535019 5.789138],0
869,d035c324a020e7948fe8,[5.5983615 7.898329 ],0
870,e43a0e28d5cd6b54a2af,[6.7684345 8.096409 ],0
871,3565d61f3efec69e611c,[4.303572 6.073065],0
872,e7feb8599ea5f596aeac,[8.554631  6.4873967],2
873,8ca890875272aede0af5,[9.985551  7.9247527],2
874,2150588a5903d9a77b79,[2.5386477 6.286935 ],1
875,e2d7ee3637149f7087b2,[3.7863104 6.1977897],1
876,bd8eb49a6b08f5e66a70,[0.51417416 4.3198147 ],1
877,915813ad1b5f1bbe2d6e,[3.214005 7.472606],1
878,38357be0ab369a9ae942,[5.1360707 5.344074 ],0
879,798ff22d126a0f8034ff,[8.820028 6.264762],2
880,4cb96f0d9108066442a8,[4.603024  6.1909347],0
881,cfaac49f7cc94528ffa7,[2.774596  7.5549397],1
882,89af2669cc93dc97f545,[0.45760816 6.0175138 ],1
883,41abb1b9df74d29b7732,[8.540509  6.6231704],2
884,a5c03c57b0930cb5c2ac,[2.8137236 6.1023564],1
885,ef133c92e274a97b6eeb,[5.872013 7.932941],0
886,fnvhgnuqbir0drk8p1v2,[2.695165 6.839963],1
887,zse4s5wowlo5xntqyqb4,[2.5929983 7.3732743],1
888,wyhkcaf32y8h3707qzrz,[5.6408787 7.902702 ],0
889,2egpenarap9h0a2k0bc5,[2.9750037 5.866694 ],1
890,cfi8t4xrx12m2lt4flwz,[4.401335  6.6696653],0
891,t8sflynjwck4f650mtvp,[2.5443423 6.140486 ],1
892,pva49fsfcbexwz1crjvg,[2.7664812 6.31534  ],1
893,lswzzwjmreuixxjqglhy,[1.6316065 6.303825 ],1
894,votyzmo33yg7y89dag17,[8.959322 7.828292],2
895,cy2sv8kkoybje2okbll0,[9.349236  5.6624146],2
896,jsmqh4aa20rpfeqmyx4h,[10.534515   6.0181465],2
897,ss27ig83t1pi1ztsy5w8,[4.027606 5.76701 ],1
898,7rzwry01x1n79a7rw5va,[10.954878   7.4156256],2
899,yvyud23n1eara086vntf,[11.418671  7.66221 ],2
900,9btb3ax7qaitktvbvn8g,[10.726419   7.5785217],2
901,vrx3ianblcyuixzmhzl2,[2.2962182 6.1152477],1
902,qmf8702zbahi9083s7aq,[10.90069    7.6498933],2
903,13nq2h723zixyhir01lf,[9.0561905 6.1668563],2
904,ta1gbqs6pw15bx0jb5on,[6.1095457 5.295939 ],0
905,jhmn3s11l13woe6jy3zg,[1.031313  5.9759455],1
906,w0u7vzowm7eimiupvmm3,[11.066288   7.4920135],2
907,2h9c9tdsnoz1hyzo5frt,[3.0159044 7.0775867],1
908,vou4hlfvp8hv0r4odzq6,[7.9997687 8.215936 ],2
909,6g7c63m95z8acd3vx5ct,[3.4477584 5.467352 ],1
910,te17utf5x961ldgs8zwn,[5.78576  7.238704],0
911,csvv3l0saxxx6pax18c3,[7.583919  5.4994044],0
912,kg28tppvvsvr918dkvlb,[10.360454  5.978269],2
913,28tmrs0kyrrh1odyvf21,[1.1378524 5.618356 ],1
914,l82rq4xaymt7t5uytax9,[8.699689 5.681052],2
915,jb3fqd2b9oyprn83h646,[4.1917677 7.1400943],0
916,oyaoqkf2b1we4b67bv8l,[7.3578467 7.5621037],0
917,l2yv9tvvcakn7ikerccy,[9.096571  7.8573093],2
918,xz7x7kwsn26marn29mag,[4.4616184 8.079728 ],0
919,qg0soq1i1uy7yndj17gd,[2.4391098 5.692916 ],1
920,8ivuhc6n7pr63b39dupt,[3.0121171 5.953289 ],1
921,139429592a9c23c08b71,[11.020201  8.005293],2
922,b217bae3c84d59dde71f,[5.2441897 6.4706335],0
923,e50db74322430aa289b1,[2.7085385 7.6479907],1
924,4388d48ebff4cf866ecd,[6.02155  7.570919],0
925,cef765c4375252a6029b,[0.42186415 4.62362   ],1
926,3ac65fbc295f5fbd2ff7,[2.7927527 5.8277826],1
927,e73ae5f649c6f52b3fb1,[0.84149563 5.362873  ],1
928,b57bc31cac59b3d26216,[8.2732725 6.6362796],2
929,132c90d4a027a4477ad0,[5.4877305 6.713014 ],0
930,33c123d08dc07edb50f9,[9.177281 6.572903],2
931,9f447b50d5788f7b4d0a,[3.3512242 6.409829 ],1
932,23f1f5d3d90e2890a423,[0.3507553 4.6435776],1
933,34aaaa47df8c4aa4d926,[8.195633 7.741182],2
934,875704a45c0214c68eae,[8.442189 7.055006],2
935,c5c5e10586e94f96fe95,[4.233076  5.3950214],1
936,2a003b122e9500e465c4,[11.710525   7.4025974],2
937,533bc4c6716035e694ac,[4.137931  7.2661715],0
938,a624e4f6e0a8f026cba9,[7.643978 6.008522],0
939,7509bbe0d23fe15928ba,[6.4186316 8.210732 ],0
940,eb93cedc17b4eac76750,[3.8474474 5.4972982],1
941,1feef8b4129f5bf21e67,[1.1641455 4.9041853],1
942,951d2aca1b8a1c336908,[2.0935602 6.9393296],1
943,49b95110a8c59f6b6c58,[9.971741  6.9796777],2
944,b8c0c68e7f1220949deb,[4.525635 6.971259],0
945,451b0095938a3c54efc4,[2.9104526 5.8584294],1
946,e4c80506c14da4ad563d,[5.789497  5.9375157],0
947,25019b8f1c3ac537894b,[3.7049563 7.0977407],1
948,4884f3bdc068ef01e042,[6.537342  6.8405166],0
949,b43532c7a35b6aedd478,[9.7583885 7.970367 ],2
950,f9c641e9c05c243a751e,[8.293873  7.2672925],2
951,960bf72352d4f58ad083,[6.6089067 5.496675 ],0
952,0557b1363a5092b5811f,[8.94013   6.5349326],2
953,091554ffa26fc9b17c36,[5.896796 7.138954],0
954,d7ad1a5f3ab7d6237f8e,[7.0364866 6.454571 ],0
955,e4d6737b176e6ca5ef06,[6.376945 7.004569],0
956,5914db0d4427b322e8af,[5.4223094 7.079324 ],0
957,6314d7cbc465e29f357c,[7.9998507 6.5195546],2
958,d2cb0d0da17471ee23a9,[3.853478  7.9289207],0
959,75dcc10ba89fd0c25d50,[2.0931468 6.042389 ],1
960,98be3476791a8df7e937,[0.26949993 4.8137283 ],1
961,29172d2e39ca0d890848,[9.257144  7.8504148],2
962,b083663157e08e36d335,[0.59057206 6.2033925 ],1
963,48ad93c227abfa9542aa,[10.329626   7.7437434],2
964,3ab864e1e692786fefd2,[2.90558   5.4872456],1
965,3b6f3bb370f3107e257d,[5.0132785 7.3335037],0
966,a12c27630a75f6a4a64a,[0.32879013 4.588875  ],1
967,hq2dy5tjgczdmkvq0l2d,[3.984652  6.6656375],1
968,4a0890c15c26984c191f,[9.065336 5.463687],2
969,a0b36e07079573966740,[11.276066   7.8884563],2
970,852687af72e9ee38fb42,[7.3363204 6.55049  ],0
971,9723ceb0cf2dca42c118,[11.154454  7.352439],2
972,bd657014cfd3fe7a8fe2,[3.2351727 7.812585 ],1
973,2xk6toebmkxdw8f2bypd,[2.8608146 5.3842583],1
974,02068067a434adb6556a,[10.746357   6.9417667],2
975,3531c5f9d520759ba697,[0.4251941 5.6884484],1
976,037a76bc8e6bf5fe1fc0,[4.1449866 6.9546347],0
977,c08165d73ae49215c391,[8.589387  7.9794803],2
978,84146496b8d6256d6982,[10.437768   6.9477124],2
979,5be7405ad4ae9d9a2853,[9.214929 5.594437],2
980,avehb7ibwpvjcgcr474k,[11.291689   7.6656346],2
981,sfmngecoi3b7ahvhi2k6,[0.4022229 5.0802016],1
982,1f4oscu6io8xlog2157e,[10.016731   7.0036387],2
983,gj009a2t56bxjluh0mox,[9.841493 7.271941],2
984,ov1tvylbnny48ojayssl,[5.9292493 7.422321 ],0
985,qw19zri3d9vkqjhcn3xk,[3.796642 5.334882],1
986,yesnbayr80dvsb8ajp9v,[2.1026251 6.027211 ],1
987,msko5bf6rjt9adsuxby9,[2.7505877 6.256936 ],1
988,8hn55e1bxuyegxa76l3r,[5.795957 7.387536],0
989,t23e5lcdy5k50uvg5k0v,[1.6214509 5.780233 ],1
990,gsirdbny6840zq22vo7a,[2.5530512 6.6266627],1
991,rb8z9vpc5uyhbcaa71v5,[9.0543165 7.8137493],2
992,fcwom6dicy0kov3lxsf8,[5.9943843 6.006108 ],0
993,1nyzl7s790ta4c8r1l9g,[6.5041604 7.1625443],0
994,rdf3wmujcm1k56ftf8uc,[1.0924587 6.3442426],1
995,40rkj6cwy12hdupgq4w2,[9.670652  7.9240165],2
996,obyl72l5qy37to65i5ml,[6.3753595 6.370438 ],0
997,sx8c4g672zgcw7w2lflp,[3.5929255 5.780084 ],1
998,wj1gt5zvzfnjf7xcf1c8,[3.5238206 7.4091578],1
999,p9a57kwg5xdwjzm8eql9,[2.8342266 6.8990884],1
1000,w9r5wihhl33fmutbq5qd,[9.153136  5.5271516],2
1001,z0mde15metn3m79ek96y,[5.8380957 6.393918 ],0
1002,udbo68xozj9btqumivk2,[3.8003452 6.400748 ],1
1003,qu1rl2d6teeyti106rgx,[6.489932 5.043252],0
1004,i8wbhc071gfhkbhtmeb1,[5.7870593 7.983079 ],0
1005,8l0qqik09gqh0e5anus0,[6.1065974 5.896125 ],0
1006,7kqvekz6iho08947fhk9,[7.3221116 7.673909 ],0
1007,148o63s7q5aitfxmmtrg,[6.6118836 5.108523 ],0
1008,gk8izwg77g6t4p5buiar,[4.3859878 8.039209 ],0
1009,70exfe4k4e5vvm5sqspq,[1.683758  4.8845663],1
1010,e43g7im7dra88a4o8bbl,[9.3838415 7.359256 ],2
1011,lqg2nmqf4x8w52gx12xw,[9.529232  5.8754497],2
1012,lpzjucfyqwtb8ihim9b3,[10.071297   7.8116994],2
1013,woxwsoo99kl7vq4mk0rr,[6.8959684 7.1135907],0
1014,gq3jw96afgct5rjiim20,[3.0139847 7.474946 ],1
1015,hc0idvz0lxc4zpx94cbx,[5.1610746 7.1525407],0
1016,43vri1lqbgiiwbkaskqd,[7.247873 5.436521],0
1017,43d98a750c726bb39d11,[3.1784685 5.4835334],1
1018,5d16326e4577a67d94c6,[5.080407 7.12301 ],0
1019,e00bc7d9f2ce32c4f745,[6.728804 5.839264],0
1020,21fc5674d24be8e9da89,[2.8240623 5.948516 ],1
1021,a7fc1ba478db11fde063,[10.63006   7.026521],2
1022,63ff3dff3eb31d62ab3e,[5.9754653 6.2813764],0
1023,4edfd2e1b7c5c5d1d384,[10.180679   7.7943063],2
1024,cbc8550ffaf44443c7ad,[6.0874977 5.9342628],0
1025,766836b5f30556e81da4,[7.416563  7.8835835],0
1026,df02e3643bb9ee33fb0c,[6.657124  6.6132503],0
1027,f5c3c6eb77fac482de13,[6.0252233 6.391965 ],0
1028,5f8d87412f69e3d9fb13,[3.4574933 7.155701 ],1
1029,6923e581d76689cb57a1,[5.3244796 6.571142 ],0
1030,e865c97bc96802575f80,[1.6098306 6.6562376],1
1031,fb5d5693ffa9f022a191,[0.5889868 6.1947246],1
1032,1bd9bb053a3ac1bba507,[2.2392864 7.4057736],1
1033,49ef48443e09f8be12f6,[3.1488564 7.616144 ],1
1034,def1216bf8f3009dbe41,[7.4011254 6.3246446],0
1035,d02f48d05ce5e7ca16e1,[6.4634237 7.85614  ],0
1036,6b22922bfe081d68c7a6,[2.0250618 6.4871836],1
1037,baed8a816ea02ae929f4,[6.226747  7.6186695],0
1038,dee7cfe3312551bdf5a5,[10.993136   6.7750998],2
1039,ef912a5602a5f70b244b,[7.646503  7.3884745],0
1040,48a71a6a5a15e31084e3,[2.0774155 7.0175138],1
1041,16d68f70cf5e52d0b34a,[7.635031  7.5989766],0
1042,ba8c301bda7090bda756,[5.204561  5.3393335],0
1043,311abc37a94ae8afe41a,[2.069755  5.4514804],1
1044,fdd50b3ad56dcf116c82,[6.903368 5.504301],0
1045,e22c18eef214a779b4c2,[4.0720553 7.155936 ],0
1046,8711049a2e0ef13bb10c,[4.415828  6.6978602],0
1047,9ef8a5baccebc3841cb2,[2.0572813 6.1062946],1
1048,adcc5c13042d66cbfc8b,[9.062437  5.5177293],2
1049,54f91ccb08cbece520da,[0.38377312 5.647492  ],1
1050,cb65e2038b786e801292,[8.174951 6.762264],2
1051,1f67cb2e7affbb00b6c8,[4.8477454 5.402564 ],0
1052,45b6cc87a7e957f83027,[0.25981513 5.059022  ],1
1053,ff2d815d9ef74b153b54,[2.304922  6.5444045],1
1054,73ae359d8e93d41ae4ff,[6.419342  5.8188963],0
1055,264320c6b92b92795ba0,[5.7629642 8.059597 ],0
1056,504278569f7c6dff25e3,[0.38298422 4.944438  ],1
1057,40eb36011ced9a882ea9,[0.800118  5.7510614],1
1058,ed4b51eb098deb0ba58e,[1.6147131 7.0292106],1
1059,b4a2138f577d9306f593,[0.38955316 5.3691072 ],1
1060,76366e9c264169b2bae1,[7.2901683 6.4474406],0
1061,d059dfed16a6d1ca6ddf,[2.0523775 5.4175572],1
1062,0b828e1ae026c57b34dd,[5.2010746 6.507025 ],0
1063,b1976734aee3bf129820,[6.384049 8.241349],0
1064,50673b01fd2b0c765572,[10.042819  6.793197],2
1065,b3ac0cebf20ee45135ca,[3.902126 7.855771],0
1066,74137c4db75be61c10fa,[0.8411413 6.4046903],1
1067,781f69b185122bfaddca,[5.904251 7.228994],0
1068,744e7141564ed216b812,[6.5121164 7.6353583],0
1069,3c1b9222136b752563f6,[9.927327  6.0867014],2
1070,48a96425072cefa0dc69,[10.277279   6.9729133],2
1071,8ee4fdce37fceab5620a,[9.194681 5.538999],2
1072,d6d4488fa27e11465974,[6.037259  5.2640634],0
1073,6efd353d32bd3d908b23,[4.704847  6.0598936],0
1074,4ca5c8ea55be09213d14,[6.948447  5.9215727],0
1075,ec86426a6e0331d06091,[9.742973  5.9423995],2
1076,09400a9b50b6c96c5510,[5.087735  5.3611755],0
1077,f5jwwahac3fyc6rq5tex,[3.1367931 5.920031 ],1
1078,mwmft9w9vjod1g7jidmb,[7.267504 5.681312],0
1079,zprxec1qxs8nqsmc5830,[9.257697  7.4489937],2
1080,cygc6ulxpz04ex7under,[2.7208278 4.8347535],1
1081,m4qqnaq8p8fn7b7bl5ic,[10.736292   7.6632943],2
1082,sx57v4y3hp52f9selxdo,[10.070649  7.828608],2
1083,ksm67082xy9g2wnalt38,[4.289631  7.0355515],0
1084,58widcj6smafuwyqxw2m,[8.700195  5.9561253],2
1085,n3dkt0eq0ekpby9lv06i,[3.8229346 7.3945403],1
1086,v4k20n9xryqdpe6fx42x,[6.518237  6.6500616],0
1087,35wcdp4s13xmtyq5f7os,[5.065765 7.817585],0
1088,2ddkknvpbz2j9wlvybtj,[9.888896 6.666691],2
1089,10qi28ikwz4c4v22b06i,[10.653795   7.0229964],2
1090,9b0guld0vdm0ggmmfb8k,[11.169151  7.573215],2
1091,1t6e0wa99fijxi3ssnzk,[7.2093115 6.6087728],0
1092,q1movls9kc4kglv6sb5g,[5.75473   6.9821224],0
1093,628bztd9ybuth5efk7nw,[6.6097274 7.5864687],0
1094,vbgs2hp7aiiw880dpm1s,[9.975672 6.141437],2
1095,n2bgnbybijni2e9crs4x,[8.076944 8.066468],2
1096,scl0uh5ig9ehluvs46h2,[6.7564597 6.395709 ],0
1097,uzk23hynw87co5ru0tr8,[7.4975567 7.1606107],0
1098,8wkyo305dh8esq6eop37,[10.563036  7.233694],2
1099,mm5p2ct8c21h4q753p3n,[2.9879518 7.597485 ],1
1100,e58gk2f3crnwqnx0gett,[10.096417  6.043855],2
1101,2xsbkm76x36qvddrl2yo,[9.919909 6.34747 ],2
1102,sbb3va36jvpkdpj257ek,[5.9324346 5.5005393],0
1103,uon3zzl9a1zr5zmeodmr,[10.005597   6.6123853],2
1104,erjfooit15024g7nj8co,[2.00644   4.9344854],1
1105,pgrig4vo54owe59j2j5f,[9.376547 5.663075],2
1106,i8ryguu9cpkrb6ouhwqq,[11.075963  7.357155],2
1107,j07d6onchxesk14v7b8w,[11.4027605  7.8782053],2
1108,wfsgbko6rfmajn85khu4,[9.79947  6.564228],2
1109,0m8o7nuv982vnv3328qw,[4.693364 6.793166],0
1110,amzij11bls4wa79p3cj8,[8.44968   6.6982136],2
1111,axunv0aihh5wvi27tx50,[6.379961 5.313364],0
1112,6837091518a3524730fb,[6.841815 7.520579],0
1113,b050239b47c66a7280c9,[8.811496  7.3930664],2
1114,bc7286901f708e9069eb,[3.5459735 7.7571683],1
1115,e877c03b218bddedd3b8,[8.25159  8.223809],2
1116,8f9ecba976a15fa5d900,[1.1534982 5.043799 ],1
1117,6cbcdec2dffbcf09a91a,[3.8315034 5.513732 ],1
1118,fdd714a996ac8bd8006d,[1.7561196 4.801649 ],1
1119,fc5a9edc3413ecece4bd,[2.2969954 6.291504 ],1
1120,7bfbef4127aeec4b344e,[5.456379 7.391661],0
1121,b93d9fe2a844b416581d,[5.7280803 7.506515 ],0
1122,df784e67883e018f88b8,[0.4015215 5.0114393],1
1123,9c2b85496091fd7f66d4,[5.2955465 5.7217956],0
1124,2842c82981077b78b3cd,[4.167129  7.6375146],0
1125,6ab4994b59925a6d1bba,[8.2849245 6.1081614],2
1126,fc1c9dd58091c33d8888,[2.7976997 7.048188 ],1
1127,01a691413dc5897db83f,[5.1184816 7.7895184],0
1128,374ff25490a1f0aba47f,[7.5487366 6.8718405],0
1129,424de2c5e2c1f5652cdc,[3.6845493 7.4797134],1
1130,5479f88afb95288d6392,[8.504834 8.097118],2
1131,ed94d52e091b68ca5ee5,[1.3293145 5.832474 ],1
1132,db54f15d48fa56b0d953,[6.4507833 7.860841 ],0
1133,6a62f52203bda35656be,[0.95331  5.576157],1
1134,0b02f701b1179f9f74f9,[1.8000389 4.804057 ],1
1135,74e22a3421e605061ef1,[9.131692 6.809432],2
1136,de5213e7b8c88440a298,[4.4430585 7.4365883],0
1137,94a770d27cae58950a5b,[6.7365885 6.3848233],0
1138,5faa3d19e595ab735fda,[6.674956  7.8705363],0
1139,cad61c88146ec4d99a6d,[10.4618635  6.5581074],2
1140,1d50eac067378042684b,[7.9711337 8.196064 ],2
1141,c8d8f83d06b68fc2f944,[1.7605344 5.994247 ],1
1142,72fbfd24cdff0454a0e2,[9.083778  5.4897304],2
1143,768c216e172762b85899,[10.955346  8.050793],2
1144,306627b1ecbdf4e3aa34,[10.7371435  6.9065647],2
1145,0ef8b2c9e039eaace596,[5.707913  7.0294466],0
1146,6b0cc09c9daf2966d1a7,[9.272185 5.558394],2
1147,b6b2f975de58052aae0c,[11.661169   7.3367147],2
1148,071685b292483b04e836,[6.972895  6.8688765],0
1149,2ea821273e01ec758583,[11.083127  7.050515],2
1150,552365f82674884bcaaa,[6.9982576 6.398765 ],0
1151,cdbfb55b48cefce540dd,[8.389883  7.3603625],2
1152,a867295d48d4b4134903,[7.24809  6.111891],0
1153,a9e1aff282e8d6356dce,[10.642828   7.9314523],2
1154,0b16d35f1f39a063708a,[4.294502  6.3296347],0
1155,a0973be15e5e7116f121,[1.7952044 5.037443 ],1
1156,49a91a4dce6838ffcbcd,[8.717776  7.9242673],2
1157,b5863cc5a1b448ca1cab,[9.266947 7.203821],2
1158,c7bb8ace7e79b91b3346,[9.005729  7.1580467],2
1159,498121d2486259ef1b3a,[8.73119  6.443043],2
1160,3094825929f936abb792,[8.700064  7.6366925],2
1161,897f6d3de550ebf68384,[3.771631  8.1192465],0
1162,418f4730434eaced55a2,[8.093407 6.079468],2
1163,b7ef250772618a089b48,[7.3757486 7.710886 ],0
1164,b37bdce835e610d26c0c,[4.3152914 6.2327733],0
1165,fef67841144f4c95a6c5,[5.0164595 5.4483438],0
1166,700915d303cc358e662a,[4.2797556 7.642424 ],0
1167,ffe3886e3e3bab0249b5,[1.7936264 6.8448896],1
1168,emnk7ob7xxxdiph6fun3,[6.986681  6.1250577],0
1169,78uyv6k6u49krocgtkzu,[4.1074624 6.002842 ],1
1170,sie4alrjjjvlk0w9ye5l,[3.984558  7.7198386],0
1171,95i3ttsko6c6ol53ebql,[3.6339881 5.674595 ],1
1172,cz0pbk8vede7ey2oce4a,[7.5946107 7.8269386],0
1173,xvfa4ysm4deeobu8wkym,[11.26188    7.7455864],2
1174,5slhcx7pnjhcmlbfffu6,[3.679457  6.1725783],1
1175,5qfsd40k8fv54hc102p2,[8.241757 7.711525],2
1176,spyu1at0d9k1wxtenlhe,[8.361485  7.1793976],2
1177,z23fh1v40p3hmxxspbo9,[3.2461448 5.813354 ],1
1178,n20d6b4o2g64oaa3q8ym,[0.8878223 4.734824 ],1
1179,yj708ceb2o5gueez45or,[4.8647056 6.7860465],0
1180,90z3slav21r61p88ksba,[5.389839 5.941832],0
1181,r28s9kyo7knrvytyvmt8,[0.82876325 6.3010845 ],1
1182,apxifjd35xfq6t47ysls,[1.6213923 6.315197 ],1
1183,r4oklg89q3yx9o2dfq3q,[10.437995  6.394618],2
1184,4i0t5tq7o78lvc1zglgr,[9.908384 6.140176],2
1185,hz3im1vs42bx5rxbn7wh,[1.7631297 5.2469873],1
1186,icu31mfcha34dnwbsui2,[3.6234481 7.675883 ],1
1187,1vb2vsoy23nr0monflhx,[10.419383  6.780399],2
1188,7iulsxm22wz4v82hgb2g,[10.605101   6.0918446],2
1189,omzalmrzys0ymf4cgt03,[8.303563  7.8579836],2
1190,nilkp0a54b01p87udccl,[10.623203   6.4385114],2
1191,7ssihtyt72rzukfci0o1,[9.405705 7.559204],2
1192,ij9llitbhr4gi126l772,[5.612213 7.952863],0
1193,qxnna0of95m3oebjc84f,[7.182478 5.542184],0
1194,dt7s87imgsbma3l5scym,[0.8728727 5.3746567],1
1195,0m2kzubx9r60wyrsjj7j,[0.132421 5.446886],1
1196,wzfry2domlqnblox9w1b,[1.6697812 6.832731 ],1
1197,otznu9tyqq50x0xij3br,[2.4643435 6.531698 ],1
1198,wty9xgte39cr5rp39e50,[5.9733686 6.726236 ],0
1199,5kqtdcvyt7rgqdoextw8,[5.760563 6.5652  ],0
1200,t5uf4x6hffga8in2ua6l,[8.151098 5.773704],2
1201,5dmn9cwdf4l1snqfjw1p,[7.993692  6.4895315],2
1202,t8zrwu8iwkcdnwf3ruse,[8.231862  6.0065575],2
1203,2b935bfe06ef02369807,[5.4786954 6.49077  ],0
1204,71d0a8156e59c4dcedfd,[10.568036   6.6343913],2
1205,6106e5232ac32bc22d1d,[6.732325 6.034037],0
1206,eb4493aa138e8edc3f6d,[7.423942 6.215275],0
1207,5d2379fb72082166dee3,[10.253093   6.4085965],2
1208,2e40c1b07d32d3b80862,[6.3415956 7.030505 ],0
1209,57f84519c468df122d69,[7.414321 7.390006],0
1210,64d65eddd629b80922f1,[1.7134233 5.083345 ],1
1211,d311ac015e2e230935b2,[10.528414   7.3352175],2
1212,33b73273ab8e1a11fcda,[7.346722 6.350928],0
1213,a1ed24a77c97b05064ef,[3.1112125 5.9490814],1
1214,f286ac7cd0663855cc5f,[5.2364926 7.1445527],0
1215,a3cd849a5a8d682e18db,[10.676185  8.173822],2
1216,e77eaaa90a75ea6167f4,[10.749006   7.9545274],2
1217,faa31dca7ed1dd11fe44,[10.921359   7.4739156],2
1218,00df647ee4bf7173642f,[8.860277 7.873542],2
1219,e0be3445997310f4d68e,[4.541657 6.74902 ],0
1220,cf73246d819a1ea78e14,[9.491301 6.257968],2
1221,b3e8039d33099e1d066c,[7.429159  6.5065045],0
1222,b32b82ebae5971dd48df,[8.477416  6.6302443],2
1223,9c39551b2cbe4f0c6d03,[6.445236 5.127369],0
1224,1ca19e51244cdd3f09ff,[3.0172615 5.5679345],1
1225,0eb6eec8b4bee8ab6a44,[11.642868  7.310829],2
1226,dc93d7d840a88e5efb17,[1.0531232 6.355729 ],1
1227,c7d5a3256a9f99ba3e98,[7.8568654 5.8410506],0
1228,2b54ed4af8281eb82f58,[4.115853 6.033783],1
1229,c16e14d7aa5b4ef519e3,[10.446084  7.4892  ],2
1230,c53129098375fc7f17bc,[7.941794  6.9894547],2
1231,953123cfe1c275e6d8a9,[5.6457806 5.728405 ],0
1232,7b1d65c8c7637c14d9f2,[11.212127  8.009391],2
1233,855b21869c4fdbed8047,[3.8520548 5.4203053],1
1234,f63cab44b941c6ca80d6,[2.3592367 6.4849243],1
1235,4e4bb1f26e34ca0a13dc,[2.5702   6.459088],1
1236,7f58862bfed16feedfd6,[6.055476 6.779707],0
1237,a2b5174e55754addcd68,[7.0731244 7.354341 ],0
1238,056ab41140f68c15db14,[10.577088  6.020326],2
1239,9369995cb6743cb69182,[6.7868323 6.0479484],0
1240,e5b30ace9334d153e076,[7.678625  5.6068993],0
1241,367c27a001837dabb2e9,[11.259416  7.124692],2
1242,a3c8ab369e2e928ed523,[5.1843467 6.852294 ],0
1243,06309f4c8785254f4c13,[7.7539377 5.9344797],0
1244,47b08a7751ab609be9e5,[11.042112   7.9390225],2
1245,17f2d0e73044110cdea5,[7.2916555 5.5060925],0
1246,c200d8d792314a9d3575,[6.562258  5.6850257],0
1247,84f116e542feb4ff69c0,[6.7824345 5.2421412],0
1248,mbbw64iibpv7ndj2iie1,[0.8346076 5.9315643],1
1249,hpty3h6eij2tr467ueks,[5.2938    6.8174987],0
1250,ygc6nfsry40yon3nicac,[10.573486   6.6967354],2
1251,th28zykgzvfex40v22hz,[9.485052  7.5414524],2
1252,3dglsy7ee3ytfq1lpwlv,[3.184001 7.378212],1
1253,219jkfkejubvu4dvuv13,[3.7748559 6.8937593],1
1254,rgl39qjfatpnh3v4o28m,[8.985819 7.940874],2
1255,iqhpwbqkqi7kugzduhit,[4.249127  5.9091134],0
1256,12s3yomv0kltozc1qxc4,[4.3654013 7.217594 ],0
1257,qaubz3kt65qtoit8g4vi,[10.503586  7.19926 ],2
1258,0qamadarf6xhm9pm2jta,[2.984343 5.349895],1
1259,1eekhswi2ckx4uw0j1c9,[8.583048 7.929685],2
1260,80xvovy2zizaj5kr0va5,[11.586623  7.308736],2
1261,hva2hcwvh4mv0i4t59t6,[6.3669047 5.831754 ],0
1262,x9xz7kb08kmf1tytnc1f,[8.04867   7.6165986],2
1263,tezxtgugzffgu5fxr0cz,[10.305876  6.417884],2
1264,lvp2qmljigke8u0nfbvl,[0.40698543 5.7230887 ],1
1265,8bj43lrpbsn3smxxn3xn,[6.0283594 5.4537435],0
1266,19buea1jycypffshcw38,[2.4277349 6.7928996],1
1267,vcw0s2e0akak8rqunatk,[4.149472 7.13642 ],0
1268,dri4ey8he2jovloucu86,[8.323874 5.578559],2
1269,687ndz7mxhpv3gg91ie2,[2.9311655 5.2462273],1
1270,wmep7eexur6wwrlrz9sv,[10.143757   7.8263736],2
1271,2ui63dibc4r8oo0p9agh,[2.1237905 6.836568 ],1
1272,rufanlg0slv70u876a05,[9.934166 7.060379],2
1273,o6tn58jvkqobrz2qmf5i,[9.979936 6.136298],2
1274,iwjs5oi2pl8omkdrs53q,[1.0191067 6.200987 ],1
1275,qrrck1nnty89cmohw40b,[6.510933 8.108662],0
1276,6569uz69or21mbcejw25,[6.5925474 5.1337967],0
1277,jjx780kahllbp5y3x7p8,[6.522161 5.496549],0
1278,h7i4kmpsra4szfbhrcbh,[5.7817845 7.945061 ],0
1279,0z4mockl76xn8mhdaehw,[6.136148 6.306544],0
1280,bfl1bc2oafd8hrz2xswq,[9.142088 5.823564],2
1281,7eeq2weegodhsqj7bxc2,[10.983686   7.1901774],2
1282,0i1e50rz4mkhee97xvpo,[10.992784   7.7268825],2
1283,ac896071204b0ce26a1e,[5.758804 7.598791],0
1284,75a72c46b8271a57fba6,[5.222226 6.42565 ],0
1285,fda1eaffdfa7350e5d97,[1.5318036 4.726394 ],1
1286,0e804947f4cdc2721046,[6.3376884 5.8654385],0
1287,f7c4a29d42220e1cea27,[1.5019327 5.792631 ],1
1288,539911ee11c1b2aaeb88,[7.7783294 6.3885674],0
1289,94752e120f6bb6178ad5,[6.451708  6.2425957],0
1290,13f8b8305f6c25c21921,[3.6609383 5.7292137],1
1291,0c81ca27b7d931b6ff6e,[6.53869  8.086082],0
1292,e2ee4818284ba527ef0a,[8.4972925 6.006905 ],2
1293,76a2f2705490042bb8cb,[9.985847  6.8760004],2
1294,87aa4503451b6a77b2b7,[10.211852  6.617408],2
1295,1552f58e2818ce7fa863,[8.515845 5.746638],2
1296,211ed39c57c6e6cdefbf,[10.576196   7.2245903],2
1297,28bc8af257c48eac3bf1,[7.6639533 5.8168197],0
1298,2f3ef424b925a9881b81,[9.046958  5.9648395],2
1299,8fe25991951e1f37568b,[9.093334  8.0319195],2
1300,a959b7dd7f65365313a4,[11.324387  7.142226],2
1301,67456512891f96cc0fc3,[7.5536985 8.035529 ],0
1302,83bf9b0424c17c9e13e7,[2.4176629 6.2622056],1
1303,01558eef77a8d39b7103,[9.216475  6.3465867],2
1304,359f25d9131a0699405b,[11.485929  7.564828],2
1305,1d7229e0f5f825007870,[7.4508343 6.091946 ],0
1306,b9d88af0a70c4ccb592e,[7.514977 7.978521],0
1307,d4d7a248a58363732f8e,[10.4465885  8.054723 ],2
1308,5e29473eb1e80fde79a0,[9.578932 5.980202],2
1309,0b307ee95b41e222f204,[10.571495   7.4872994],2
1310,1974349ec27d7d67bf08,[9.653621  6.4423003],2
1311,35e028ec34bfdb7a6d26,[8.578348  5.7637916],2
1312,d3fd2319c0f3aa00c371,[4.2733207 5.8385587],0
1313,5bdad002590327215ae0,[3.9393477 6.803019 ],1
1314,919b6f74756bdb77edab,[6.238437  5.3598547],0
1315,8596e232b0d863cd3130,[1.0055882 5.855137 ],1
1316,17656005bd4086137ab7,[3.314607  7.7508307],1
1317,d76c58732e315933a6cf,[3.1629267 5.864222 ],1
1318,7c27b1482db039a6eee9,[10.92197    7.9624443],2
1319,75e30b71e38030454877,[9.832147 6.879186],2
1320,eacb3353d7bc80cf3e7a,[6.1560354 8.039571 ],0
1321,41126caf1874c098d357,[2.735422  6.0873914],1
1322,69ae85efb03510241445,[8.757855 8.142537],2
1323,c5c5601b771f1b4491fa,[6.8848534 7.871237 ],0
1324,c4ffbc0ba8c38e725fc8,[2.0447237 5.109877 ],1
1325,55a47a152d359522e38d,[4.8249974 6.315012 ],0
1326,7ffc1d4e5026fc5195ea,[9.767596  7.6986794],2
1327,a05da04117e032cb4977,[0.36642456 5.7467165 ],1
1328,9be4ba08415daa1ee6fe,[9.144095  5.7311764],2
1329,o6kw9thwvq6csdr9taal,[2.8901608 5.798383 ],1
1330,owzdfs89mm4ci0382a3b,[6.397067 5.828647],0
1331,7n0vh1m7hm3g0v8ggv7v,[5.5951753 5.8091035],0
1332,32n93dfesjggabieb85t,[9.1589365 7.2862988],2
1333,k6jujv82n727fuwbxa6f,[6.4607954 5.1658826],0
1334,di7sclw5samggg4sxipv,[7.7418694 7.1973276],0
1335,m380dsj058viwn3ly6j1,[9.006994 7.279979],2
1336,tndsnutlm99ld8f4uya0,[2.7798402 5.3113728],1
1337,twa56vh9h75mwaqdma1y,[8.261914  6.8161283],2
1338,l1rn095adguamaugi4ux,[9.201463  6.6990952],2
1339,qkc2f9omqulfmn3j0m9p,[7.055265  6.8073964],0
1340,k7fa3kdg6dq9avbiqv1f,[6.129854 5.796867],0
1341,wi36b9plgjc82atx6z7h,[2.785231 5.639843],1
1342,aai4o855shne2taonl8m,[8.466691 5.677877],2
1343,pxnnkthuxasggux3hyae,[7.0924563 7.408922 ],0
1344,nq4jln5s1zqjk7nwbbeo,[9.437179 7.369691],2
1345,p8bk6cdfntr0humt6q45,[3.8958156 5.7403426],1
1346,4nun1ah7qw10q705a2aq,[8.115996  5.9418554],2
1347,9npnusbksscam12fc4ut,[7.022789  6.7109814],0
1348,hu267zw9zywa4ew3d5bw,[3.9418926 7.968472 ],0
1349,zhx5rxgopln1p5hd10ql,[8.210493  6.3325753],2
1350,pammg9gw4enjosw3z60e,[3.9333541 7.3368087],0
1351,r9m46ndmmmzeeehft96z,[2.5034478 7.56111  ],1
1352,i39gdpglcxstun30b4yw,[8.402487 8.008888],2
1353,whzjoeh34i7o86p37u99,[8.727099  7.3834796],2
1354,3lbe8ny12qw7qwcyihpn,[11.626394   7.7158275],2
1355,exaiz0y0uvpeg498cg4j,[7.0000167 6.734848 ],0
1356,d9qmlhyp13mf5nto4qih,[2.7087965 5.446372 ],1
1357,b6nwoi7doh1m1yzbkxup,[4.8000326 5.3955884],0
1358,d4xny47ows87zd7viwj5,[0.7297027 5.59925  ],1
1359,zoo8a9uj8a0dplifqzdp,[1.095852 6.33514 ],1
1360,k6kv9y9tqfll5d282ymb,[3.314927 5.171749],1
1361,xf5q0ixkpbxl3w7k16qo,[8.004609  7.6187162],2
1362,slmfpw1fyabrtys8ufg9,[5.10948   7.1763535],0
1363,9dbg3fyz4qnj7x9qug6x,[1.8106244 5.4956155],1
